training_exp,epoch,Loss_Epoch,RelativeDistance_Epoch,R2Score_Epoch
0,0,315.0671,4.0282,0.2918
0,1,197.0729,2.0571,0.5818
0,2,161.0903,1.4895,0.5655
0,3,139.5129,1.5431,0.7042
0,4,131.1768,1.2546,0.6269
0,5,132.7378,1.6435,0.6993
0,6,124.8716,1.5646,0.7082
0,7,117.8748,1.6158,0.7058
0,8,110.0615,1.4436,0.7516
0,9,106.7069,1.2837,0.7774
0,10,109.5092,1.1892,0.5069
0,11,101.1323,1.3780,0.7860
0,12,90.7756,1.6681,0.7811
0,13,103.5805,1.2760,0.7701
0,14,90.1884,1.6194,0.5501
0,15,90.9828,1.5034,0.8032
0,16,103.8551,1.4255,0.7565
0,17,98.9434,1.2361,0.7553
0,18,92.7993,3.1079,0.2928
0,19,88.7653,1.0534,0.7333
0,20,90.6605,1.5782,-1.7530
0,21,99.9343,1.1310,0.7752
0,22,109.1441,1.1465,0.7694
0,23,105.6978,1.2119,0.7567
0,24,92.4132,1.4585,0.7927
0,25,92.0530,1.3216,0.7803
0,26,117.7496,1.2577,0.7289
0,27,101.5300,1.5331,0.3064
0,28,94.4134,1.2374,0.7983
0,29,83.2905,1.2360,0.7788
0,30,86.0346,1.0970,0.2165
0,31,84.3294,1.5490,-0.1087
0,32,102.6778,1.5343,0.7572
0,33,111.5973,1.0198,0.7688
0,34,101.7848,1.4093,0.7687
0,35,98.0527,1.1161,0.7883
0,36,94.0978,1.3417,0.7989
0,37,92.1049,1.0750,0.7924
0,38,103.5250,1.2592,0.7777
0,39,92.4447,1.1097,0.6885
0,40,85.2368,1.3029,0.8220
0,41,80.4382,1.1391,0.8266
0,42,83.3489,1.0655,0.8144
0,43,82.9947,1.3551,0.8091
0,44,81.4121,1.2244,0.6292
0,45,82.5922,1.2704,0.6324
0,46,76.7297,1.0971,0.7572
0,47,77.7717,1.0713,0.8037
0,48,78.2489,1.0528,0.8293
0,49,75.4553,1.1953,0.8431
0,50,72.7498,1.1588,0.8074
0,51,73.5634,1.1486,0.8129
0,52,76.6730,1.3156,0.7912
0,53,82.8673,1.1966,0.8286
0,54,76.3890,1.1409,0.7863
0,55,79.5118,1.2081,0.7471
0,56,78.8663,1.0767,0.8286
0,57,74.8598,1.1591,0.8329
0,58,76.6289,1.1101,0.8312
0,59,74.9972,2.2036,0.7923
0,60,75.3426,1.0600,0.8438
0,61,74.3711,1.0584,0.8417
0,62,72.4121,1.1212,0.8389
0,63,74.5019,1.1989,0.8380
0,64,68.9237,1.3790,0.8128
0,65,70.2182,1.4933,0.7359
0,66,73.0984,1.0778,0.8275
0,67,68.9314,1.1506,0.8269
0,68,72.1323,0.9996,0.8237
0,69,70.5322,1.0472,0.8210
0,70,70.8943,1.1101,0.8459
0,71,71.0855,1.0806,0.8268
0,72,69.0843,1.0300,0.8436
0,73,72.4512,1.1174,0.8425
0,74,69.6786,1.1175,0.8351
0,75,68.4387,1.5290,0.8584
0,76,66.4394,1.1134,0.8540
0,77,69.1664,1.1243,0.7969
0,78,70.9987,1.0459,0.8513
0,79,65.0231,1.0877,0.7978
0,80,67.0895,1.1585,0.8440
0,81,71.2598,1.1010,0.8428
0,82,69.4729,1.1025,0.8547
0,83,65.7969,1.3292,0.4420
0,84,68.4159,1.0893,0.8585
0,85,69.3771,1.1443,0.8302
0,86,66.7473,1.1659,0.7005
0,87,66.5227,1.1282,0.7300
0,88,70.1086,1.0858,0.3822
0,89,66.9763,1.1469,0.8016
0,90,71.3001,1.0776,0.7975
0,91,68.8619,1.0464,0.8446
0,92,63.8169,1.1263,0.8465
0,93,68.2105,1.0984,0.8246
0,94,67.0014,1.0764,0.8516
0,95,67.8379,1.1415,0.8058
0,96,70.3186,1.0521,0.8252
0,97,65.5737,1.1663,0.8642
0,98,67.8890,1.1194,0.8592
0,99,69.0364,1.0613,0.8268
0,100,70.2916,1.1347,0.8309
0,101,71.5884,1.0429,0.8438
0,102,69.4151,1.1228,0.8474
0,103,67.2789,1.0819,0.8463
0,104,67.3186,1.2087,0.8313
0,105,71.4385,1.2188,0.7906
1,0,117.6123,2.1047,0.6787
1,1,91.2733,1.3649,0.7545
1,2,81.1450,2.1804,0.7830
1,3,75.9841,1.8305,0.7969
1,4,68.1856,1.7137,0.8191
1,5,67.2223,1.5210,0.8169
1,6,65.0592,1.5555,0.8247
1,7,66.8834,1.6085,0.8212
1,8,63.4504,1.5238,0.8299
1,9,58.5109,1.5335,0.8441
1,10,59.6729,1.4512,0.8395
1,11,59.1050,1.4363,0.8415
1,12,59.6716,1.5148,0.8406
1,13,55.7790,1.3846,0.8521
1,14,59.7568,1.4873,0.8402
1,15,55.6100,1.4330,0.8503
1,16,55.2819,1.4432,0.8529
1,17,54.5956,1.4621,0.8558
1,18,54.4290,1.3356,0.8569
1,19,54.5977,1.5387,0.8568
1,20,53.7837,1.3536,0.8572
1,21,50.7504,1.4171,0.8679
1,22,51.0537,1.3309,0.8671
1,23,52.6286,1.2972,0.8625
1,24,49.1347,1.4607,0.8734
1,25,51.1002,1.3456,0.8644
1,26,51.2485,1.3091,0.8639
1,27,52.0133,1.4404,0.8648
1,28,51.4467,1.3187,0.8646
1,29,48.6362,1.3036,0.8720
1,30,50.5555,1.3373,0.8680
1,31,49.0677,1.3576,0.8717
1,32,48.9875,1.3234,0.8728
1,33,49.4721,1.3270,0.8710
1,34,47.2907,1.3508,0.8769
1,35,48.5317,1.2391,0.8716
1,36,46.2614,1.3110,0.8795
1,37,48.5027,1.3950,0.8745
1,38,50.6861,1.2843,0.8689
1,39,46.6386,1.3944,0.8813
1,40,45.9990,1.2666,0.8803
1,41,46.9744,1.2466,0.8793
1,42,48.2612,1.2584,0.8754
1,43,46.9773,1.2040,0.8783
1,44,46.7060,1.2760,0.8789
1,45,48.6592,1.2684,0.8729
1,46,46.8238,1.2278,0.8794
1,47,47.8979,1.2353,0.8758
1,48,46.4459,1.2685,0.8809
1,49,45.2984,1.2662,0.8813
1,50,47.6495,1.3202,0.8781
1,51,43.6026,1.1929,0.8880
1,52,44.4192,1.2510,0.8875
1,53,45.6313,1.2321,0.8824
1,54,44.7140,1.3324,0.8857
1,55,44.8791,1.1961,0.8854
1,56,44.3909,1.2808,0.8868
1,57,45.5943,1.2224,0.8825
1,58,42.1352,1.2581,0.8920
1,59,41.1563,1.2482,0.8944
1,60,40.4152,1.2087,0.8968
1,61,42.2789,1.2707,0.8921
1,62,41.8087,1.2895,0.8931
1,63,40.1979,1.2876,0.8974
1,64,41.9711,1.2305,0.8907
1,65,40.8912,1.2148,0.8941
1,66,40.1169,1.1745,0.8975
1,67,42.1522,1.2854,0.8886
1,68,40.8889,1.1864,0.8961
1,69,40.2838,1.2483,0.8971
1,70,40.2113,1.2035,0.8978
1,71,40.9543,1.2262,0.8945
1,72,41.8437,1.2224,0.8915
1,73,39.9504,1.2292,0.8970
1,74,40.8566,1.2682,0.8938
1,75,40.1639,1.2243,0.8973
1,76,38.2057,1.2145,0.9014
1,77,39.4289,1.2156,0.8990
1,78,40.5061,1.2427,0.8960
1,79,41.3316,1.2327,0.8936
1,80,38.5415,1.2017,0.9001
1,81,40.3449,1.1777,0.8921
1,82,38.3446,1.2147,0.9029
1,83,40.5703,1.2630,0.8965
1,84,41.7735,1.2102,0.8919
1,85,39.4181,1.2262,0.8974
1,86,39.5173,1.2605,0.8986
1,87,38.5410,1.1947,0.9014
1,88,40.0760,1.2231,0.8977
1,89,39.6055,1.2056,0.8978
1,90,40.3342,1.2135,0.8957
1,91,39.7778,1.2130,0.8985
1,92,39.6404,1.2051,0.8985
1,93,40.1241,1.2265,0.8959
1,94,42.2315,1.2025,0.8903
1,95,39.4018,1.2125,0.8986
1,96,40.5691,1.2345,0.8959
1,97,38.9852,1.2160,0.8986
1,98,38.5613,1.2412,0.9001
1,99,39.4918,1.1651,0.8973
1,100,39.9732,1.2494,0.8978
1,101,38.7513,1.2044,0.8993
1,102,39.7537,1.2185,0.8983
1,103,39.9686,1.2577,0.8972
1,104,40.7023,1.2318,0.8944
1,105,40.2898,1.1890,0.8951
1,106,38.0401,1.2228,0.9023
1,107,39.7332,1.2328,0.8962
1,108,40.9114,1.1930,0.8937
1,109,40.5086,1.2129,0.8948
1,110,39.6563,1.2364,0.8971
1,111,40.4353,1.2163,0.8956
1,112,38.7471,1.2122,0.9004
1,113,40.5195,1.2517,0.8945
1,114,38.9374,1.1964,0.9003
1,115,40.7207,1.2479,0.8949
1,116,39.3340,1.1911,0.8987
1,117,40.5638,1.2256,0.8959
1,118,39.5863,1.1975,0.8970
1,119,40.1516,1.1899,0.8959
1,120,37.7382,1.1999,0.9040
1,121,40.2784,1.2099,0.8969
1,122,40.1093,1.2081,0.8968
1,123,37.4018,1.2138,0.9044
1,124,41.0032,1.1812,0.8951
1,125,40.1241,1.2323,0.8974
1,126,38.7471,1.2245,0.9000
1,127,40.4258,1.2231,0.8953
1,128,39.3396,1.2199,0.8981
1,129,38.7259,1.1864,0.9001
1,130,40.1585,1.2030,0.8972
1,131,39.3730,1.2447,0.8988
1,132,39.1285,1.2270,0.8986
1,133,39.6821,1.1871,0.8976
1,134,39.8752,1.2177,0.8979
1,135,39.6268,1.2039,0.8974
1,136,39.8629,1.2096,0.8975
1,137,39.0764,1.2116,0.8996
1,138,38.8686,1.1770,0.9010
1,139,39.6290,1.2313,0.8978
1,140,39.2068,1.2460,0.8987
1,141,39.4098,1.2213,0.8987
1,142,38.7147,1.2022,0.9007
1,143,41.9823,1.2375,0.8909
1,144,39.0279,1.2370,0.8999
1,145,39.6189,1.1968,0.8980
1,146,37.6753,1.2398,0.9025
1,147,39.2615,1.2009,0.9001
1,148,37.5257,1.1987,0.9033
1,149,41.2932,1.2026,0.8942
1,150,40.3186,1.2313,0.8959
1,151,39.9166,1.1986,0.8968
1,152,39.6856,1.2173,0.8969
1,153,40.3161,1.1956,0.8951
1,154,41.4647,1.2039,0.8931
1,155,39.6061,1.2400,0.8987
1,156,39.9509,1.2263,0.8969
1,157,39.6190,1.2236,0.8976
1,158,41.1049,1.2032,0.8936
1,159,40.1234,1.2145,0.8973
1,160,40.1311,1.2008,0.8957
1,161,41.1990,1.2137,0.8938
1,162,38.7249,1.2302,0.9005
1,163,40.6387,1.1844,0.8943
1,164,40.5733,1.2272,0.8950
1,165,40.1763,1.2388,0.8973
1,166,37.7027,1.1744,0.9043
1,167,39.8026,1.2446,0.8973
1,168,38.2111,1.2133,0.9022
1,169,39.7765,1.2196,0.8977
1,170,40.3755,1.1992,0.8958
1,171,39.3103,1.2253,0.8994
1,172,39.7115,1.2246,0.8980
1,173,38.9236,1.2115,0.9000
1,174,39.4611,1.2254,0.8994
1,175,41.0993,1.1824,0.8934
1,176,39.8837,1.1837,0.8970
1,177,40.9584,1.2387,0.8904
1,178,39.8965,1.1977,0.8957
1,179,38.7574,1.1873,0.9015
1,180,40.2922,1.1701,0.8961
1,181,38.1567,1.2217,0.9020
1,182,39.9129,1.1948,0.8972
1,183,40.7245,1.2044,0.8953
1,184,40.0221,1.2226,0.8963
1,185,39.2623,1.2523,0.8986
1,186,37.7049,1.1864,0.9037
1,187,40.3268,1.2097,0.8962
1,188,39.3791,1.1914,0.8990
1,189,39.6617,1.2275,0.8978
1,190,39.1918,1.1722,0.8969
1,191,39.8670,1.2130,0.8965
1,192,39.5024,1.2070,0.8978
1,193,39.2425,1.2308,0.8985
1,194,39.7504,1.2677,0.8966
1,195,40.8373,1.2193,0.8949
1,196,39.4655,1.2158,0.8986
1,197,37.8607,1.2425,0.9036
1,198,40.2436,1.1874,0.8965
1,199,39.7715,1.2112,0.8967
2,0,85.2535,0.9969,0.7667
2,1,79.1219,0.8854,0.7983
2,2,71.7245,0.9125,0.8218
2,3,72.2934,0.8915,0.8173
2,4,70.6195,0.8792,0.8213
2,5,69.1278,0.8569,0.8273
2,6,69.8595,0.9092,0.8260
2,7,68.5096,0.8895,0.8295
2,8,67.4385,0.8380,0.8320
2,9,66.9310,0.8996,0.8344
2,10,66.9436,0.8558,0.8347
2,11,70.8203,0.8719,0.8240
2,12,65.2583,0.8918,0.8409
2,13,63.5714,0.8780,0.8445
2,14,64.5472,0.8214,0.8407
2,15,64.6651,0.8350,0.8399
2,16,64.4988,0.7981,0.8404
2,17,66.5874,0.8741,0.8353
2,18,66.2589,0.8303,0.8375
2,19,62.5541,0.8629,0.8493
2,20,64.9305,0.8199,0.8411
2,21,61.9158,0.8979,0.8483
2,22,65.2521,0.8280,0.8396
2,23,61.7537,0.8422,0.8520
2,24,61.5893,0.8656,0.8494
2,25,62.4599,0.8275,0.8471
2,26,60.2874,0.8390,0.8544
2,27,60.0972,0.8191,0.8546
2,28,58.3678,0.8017,0.8571
2,29,57.4680,0.8446,0.8577
2,30,56.5027,0.7699,0.8605
2,31,55.2702,0.8395,0.8629
2,32,56.9222,0.7948,0.8569
2,33,55.0939,0.8037,0.8624
2,34,54.6875,0.8028,0.8639
2,35,54.3595,0.7969,0.8640
2,36,52.0821,0.8000,0.8699
2,37,53.8401,0.8336,0.8652
2,38,53.1821,0.8046,0.8672
2,39,55.4433,0.8255,0.8606
2,40,51.5705,0.8011,0.8719
2,41,53.0334,0.7958,0.8668
2,42,52.3594,0.7965,0.8686
2,43,53.9677,0.8152,0.8633
2,44,53.8212,0.8031,0.8647
2,45,52.9956,0.8385,0.8673
2,46,53.9920,0.8254,0.8644
2,47,52.8000,0.8084,0.8670
2,48,54.3299,0.8077,0.8624
2,49,51.9391,0.8201,0.8701
2,50,52.8266,0.7844,0.8667
2,51,53.3277,0.7729,0.8657
2,52,52.4066,0.7728,0.8683
2,53,51.4672,0.7818,0.8702
2,54,53.4713,0.7832,0.8644
2,55,51.3448,0.8151,0.8702
2,56,52.6083,0.7790,0.8663
2,57,50.6138,0.8206,0.8729
2,58,52.4567,0.7641,0.8664
2,59,49.9120,0.7854,0.8751
2,60,50.0414,0.7942,0.8734
2,61,50.5747,0.7820,0.8721
2,62,47.9789,0.7851,0.8799
2,63,51.9028,0.7918,0.8687
2,64,49.9345,0.7854,0.8748
2,65,50.5345,0.7895,0.8725
2,66,51.7178,0.7825,0.8680
2,67,51.8894,0.8045,0.8678
2,68,49.7215,0.7948,0.8752
2,69,51.5206,0.7894,0.8695
2,70,49.5554,0.7724,0.8755
2,71,52.3034,0.7762,0.8670
2,72,50.0445,0.7918,0.8733
2,73,50.8140,0.7849,0.8710
2,74,50.1684,0.7703,0.8728
2,75,49.6319,0.7843,0.8747
2,76,50.7805,0.7835,0.8717
2,77,50.0250,0.7947,0.8740
2,78,51.2408,0.7942,0.8706
2,79,49.7681,0.7979,0.8743
2,80,49.4844,0.7823,0.8756
2,81,50.1019,0.7874,0.8732
2,82,51.4862,0.7798,0.8691
2,83,51.5448,0.7876,0.8688
2,84,49.0144,0.7913,0.8763
2,85,49.7503,0.7864,0.8745
2,86,50.9320,0.7799,0.8709
2,87,50.0484,0.7800,0.8730
2,88,49.8294,0.7846,0.8740
2,89,50.8022,0.7878,0.8707
2,90,50.2540,0.7896,0.8728
2,91,51.4428,0.7950,0.8687
2,92,51.9481,0.7921,0.8676
2,93,51.1702,0.8064,0.8697
2,94,51.4008,0.7934,0.8701
2,95,50.4963,0.7863,0.8718
2,96,51.8639,0.7812,0.8680
2,97,52.0006,0.7945,0.8682
2,98,49.3873,0.7896,0.8750
2,99,49.5842,0.7756,0.8749
2,100,49.8874,0.7807,0.8740
3,0,72.5928,0.8589,0.8089
3,1,70.4183,0.8238,0.8277
3,2,69.7264,0.8263,0.8335
3,3,70.0513,0.8305,0.8347
3,4,67.2713,0.8179,0.8422
3,5,69.9050,0.8284,0.8324
3,6,66.1511,0.7951,0.8468
3,7,63.6329,0.8220,0.8514
3,8,61.9324,0.7950,0.8556
3,9,65.1525,0.8123,0.8473
3,10,66.6494,0.8691,0.8423
3,11,66.8342,0.7764,0.8430
3,12,64.6502,0.7549,0.8509
3,13,64.7098,0.8488,0.8489
3,14,62.4326,0.7799,0.8547
3,15,66.1418,0.8054,0.8433
3,16,65.8845,0.8120,0.8473
3,17,69.3090,0.7667,0.8421
3,18,63.3732,0.7945,0.8553
3,19,64.3311,0.7887,0.8492
3,20,61.5253,0.8121,0.8574
3,21,61.4717,0.7306,0.8588
3,22,59.4691,0.7724,0.8632
3,23,62.1295,0.7459,0.8562
3,24,61.8976,0.7688,0.8568
3,25,61.7273,0.8310,0.8585
3,26,59.7108,0.8134,0.8643
3,27,62.7899,0.7475,0.8557
3,28,58.8389,0.7924,0.8667
3,29,60.4946,0.7526,0.8620
3,30,60.1475,0.7651,0.8611
3,31,62.2350,0.8084,0.8573
3,32,61.8342,0.7209,0.8579
3,33,62.5937,0.7740,0.8558
3,34,58.7762,0.7985,0.8673
3,35,60.6151,0.7315,0.8630
3,36,62.9628,0.8155,0.8564
3,37,62.2592,0.7487,0.8577
3,38,58.3352,0.7685,0.8689
3,39,60.0142,0.7265,0.8631
3,40,57.0002,0.7642,0.8724
3,41,60.1123,0.7945,0.8630
3,42,57.3091,0.7024,0.8696
3,43,59.4924,0.7955,0.8652
3,44,58.8772,0.7419,0.8678
3,45,59.7002,0.7353,0.8638
3,46,56.0388,0.7919,0.8751
3,47,59.7836,0.7404,0.8624
3,48,58.1168,0.7458,0.8668
3,49,54.8963,0.7332,0.8734
3,50,53.4428,0.7302,0.8769
3,51,51.3548,0.7404,0.8826
3,52,50.9859,0.7506,0.8831
3,53,53.9631,0.7347,0.8733
3,54,52.3147,0.7429,0.8782
3,55,51.3831,0.7079,0.8810
3,56,52.1745,0.7462,0.8781
3,57,52.9169,0.7467,0.8755
3,58,50.4754,0.7327,0.8822
3,59,50.5219,0.7318,0.8815
3,60,50.0475,0.7674,0.8836
3,61,52.7487,0.7363,0.8760
3,62,49.9962,0.7588,0.8834
3,63,51.1459,0.7372,0.8802
3,64,50.8303,0.7332,0.8806
3,65,52.5577,0.7315,0.8748
3,66,50.8326,0.7715,0.8810
3,67,50.0823,0.7279,0.8834
3,68,49.4336,0.7441,0.8844
3,69,50.7234,0.7217,0.8799
3,70,51.4287,0.7399,0.8781
3,71,50.5325,0.7126,0.8812
3,72,50.1644,0.7239,0.8823
3,73,50.2832,0.7199,0.8812
3,74,49.3569,0.7455,0.8842
3,75,51.7233,0.7256,0.8773
3,76,52.9127,0.7399,0.8746
3,77,50.5670,0.7147,0.8814
3,78,51.2080,0.7271,0.8788
3,79,50.1641,0.7153,0.8830
3,80,48.1641,0.7404,0.8870
3,81,49.2309,0.7260,0.8846
3,82,52.3019,0.7504,0.8753
3,83,48.1372,0.7133,0.8882
3,84,52.0858,0.7092,0.8752
3,85,48.8573,0.7574,0.8855
3,86,51.5756,0.7188,0.8776
3,87,47.8845,0.7354,0.8884
3,88,49.8970,0.7174,0.8826
3,89,48.0706,0.6970,0.8878
3,90,49.9666,0.7233,0.8828
3,91,47.5100,0.7215,0.8886
3,92,48.3840,0.7254,0.8864
3,93,46.3096,0.7261,0.8929
3,94,47.1196,0.7150,0.8895
3,95,47.7724,0.7111,0.8867
3,96,46.0327,0.7258,0.8922
3,97,47.4190,0.7271,0.8883
3,98,48.8446,0.7285,0.8838
3,99,49.8095,0.7332,0.8815
3,100,50.1265,0.7178,0.8803
3,101,48.4710,0.7115,0.8844
3,102,46.0035,0.6991,0.8920
3,103,46.6182,0.7020,0.8906
3,104,47.4537,0.7088,0.8877
3,105,47.6146,0.7137,0.8870
3,106,46.6203,0.7062,0.8899
3,107,49.0601,0.7299,0.8835
3,108,47.5659,0.7181,0.8862
3,109,45.5710,0.7071,0.8932
3,110,48.7302,0.7067,0.8846
3,111,47.0796,0.6948,0.8881
3,112,46.1939,0.6911,0.8914
3,113,47.5761,0.7150,0.8878
3,114,47.8375,0.7066,0.8864
3,115,47.8617,0.7250,0.8874
3,116,47.8558,0.7139,0.8868
3,117,47.5192,0.7051,0.8866
3,118,48.4139,0.7019,0.8844
3,119,48.0142,0.7347,0.8857
3,120,46.6712,0.7089,0.8898
3,121,47.0749,0.7099,0.8883
3,122,48.1171,0.7108,0.8848
3,123,46.4995,0.7202,0.8905
3,124,47.5436,0.6938,0.8877
3,125,49.5899,0.7089,0.8806
3,126,47.3076,0.7217,0.8880
3,127,47.0339,0.7266,0.8894
3,128,48.1016,0.7108,0.8847
3,129,47.4927,0.7229,0.8867
3,130,47.4666,0.7159,0.8876
3,131,47.8958,0.7084,0.8879
3,132,47.6845,0.7195,0.8861
3,133,48.3423,0.6982,0.8849
3,134,46.3392,0.6936,0.8909
3,135,47.9434,0.7244,0.8868
3,136,46.9744,0.7124,0.8894
3,137,45.7409,0.7174,0.8929
3,138,47.5760,0.7293,0.8870
3,139,46.0686,0.7193,0.8916
3,140,48.2312,0.7123,0.8849
3,141,48.9328,0.7206,0.8832
3,142,47.9584,0.7230,0.8864
3,143,49.2204,0.7192,0.8829
3,144,47.2308,0.7114,0.8889
3,145,46.1035,0.6898,0.8911
3,146,47.5203,0.7205,0.8870
3,147,48.8048,0.6933,0.8830
3,148,45.9581,0.6997,0.8925
3,149,46.5122,0.7270,0.8912
3,150,47.3382,0.7044,0.8878
3,151,46.9680,0.7008,0.8889
3,152,47.1661,0.7370,0.8895
3,153,47.3535,0.6996,0.8888
3,154,46.1997,0.7312,0.8918
3,155,46.3783,0.7062,0.8899
3,156,47.0980,0.7053,0.8883
3,157,48.5121,0.7010,0.8846
3,158,45.0855,0.7124,0.8943
3,159,46.9847,0.7083,0.8885
3,160,50.5422,0.6953,0.8772
3,161,49.5890,0.7074,0.8809
3,162,49.3233,0.7094,0.8822
3,163,47.3330,0.7108,0.8876
3,164,47.6884,0.7085,0.8865
3,165,49.3885,0.7145,0.8820
3,166,46.0900,0.7082,0.8923
3,167,46.3210,0.7145,0.8904
3,168,46.8053,0.7018,0.8894
3,169,47.5012,0.7165,0.8869
3,170,48.8510,0.7159,0.8836
3,171,46.7008,0.6976,0.8908
3,172,47.9380,0.7153,0.8863
3,173,49.4903,0.7160,0.8808
3,174,47.5507,0.7098,0.8873
3,175,47.4405,0.6972,0.8881
3,176,47.1785,0.7168,0.8883
3,177,46.5782,0.6980,0.8900
3,178,45.7908,0.7152,0.8928
3,179,49.4465,0.7016,0.8817
3,180,46.1134,0.7201,0.8905
3,181,48.2320,0.7246,0.8845
3,182,47.5597,0.7054,0.8875
3,183,47.5752,0.7152,0.8865
3,184,47.8834,0.7001,0.8861
3,185,49.1820,0.7192,0.8816
3,186,45.8355,0.7134,0.8914
3,187,47.7095,0.7071,0.8878
3,188,47.2290,0.7093,0.8879
3,189,47.6673,0.6995,0.8869
3,190,47.3495,0.7217,0.8872
3,191,47.1118,0.7035,0.8886
3,192,46.7558,0.7081,0.8892
3,193,46.5686,0.7081,0.8901
3,194,47.7074,0.7023,0.8866
3,195,48.7310,0.6936,0.8834
3,196,47.9518,0.7134,0.8857
3,197,46.5944,0.7190,0.8899
3,198,47.3602,0.7095,0.8886
3,199,47.6402,0.7213,0.8878
4,0,66.6745,0.8446,0.8283
4,1,67.4270,0.8329,0.8388
4,2,65.5601,0.8757,0.8448
4,3,68.7996,0.8036,0.8351
4,4,67.7921,0.8420,0.8423
4,5,63.0965,0.8112,0.8524
4,6,65.5929,0.8387,0.8478
4,7,64.9940,0.8535,0.8500
4,8,64.1645,0.8240,0.8503
4,9,65.9852,0.8494,0.8447
4,10,63.1219,0.8267,0.8545
4,11,64.7603,0.8551,0.8491
4,12,62.6621,0.8228,0.8548
4,13,62.3949,0.8264,0.8568
4,14,62.4946,0.8220,0.8558
4,15,63.4265,0.8113,0.8522
4,16,63.6347,0.8090,0.8510
4,17,62.9045,0.8658,0.8554
4,18,60.3452,0.8216,0.8592
4,19,57.2500,0.7805,0.8624
4,20,55.7702,0.8006,0.8664
4,21,55.5547,0.7802,0.8651
4,22,53.0837,0.7678,0.8726
4,23,54.0369,0.7782,0.8688
4,24,53.1654,0.7548,0.8715
4,25,53.1496,0.7665,0.8711
4,26,54.2790,0.7703,0.8664
4,27,54.7443,0.7656,0.8661
4,28,54.9693,0.7904,0.8634
4,29,52.9917,0.7629,0.8704
4,30,54.4736,0.7828,0.8662
4,31,53.0358,0.7580,0.8703
4,32,53.3182,0.7752,0.8687
4,33,51.8732,0.7670,0.8736
4,34,51.8783,0.7580,0.8720
4,35,51.1372,0.8108,0.8743
4,36,52.4941,0.7809,0.8694
4,37,51.8145,0.7808,0.8712
4,38,50.4058,0.7774,0.8755
4,39,51.8299,0.7698,0.8713
4,40,50.2839,0.7389,0.8759
4,41,51.5120,0.7968,0.8717
4,42,51.6157,0.8028,0.8705
4,43,51.0458,0.7996,0.8730
4,44,51.7614,0.7733,0.8712
4,45,50.9507,0.7593,0.8729
4,46,52.1296,0.7866,0.8694
4,47,51.1434,0.7745,0.8719
4,48,51.2372,0.7827,0.8714
4,49,49.9250,0.7929,0.8759
4,50,48.8169,0.7633,0.8800
4,51,50.6624,0.7758,0.8743
4,52,50.6095,0.7763,0.8734
4,53,50.0293,0.7737,0.8748
4,54,49.2341,0.7681,0.8791
4,55,51.6724,0.7794,0.8695
4,56,51.3008,0.7612,0.8716
4,57,51.5264,0.7665,0.8703
4,58,49.3657,0.7851,0.8781
4,59,49.8586,0.7679,0.8749
4,60,49.7593,0.7740,0.8763
4,61,48.4687,0.7645,0.8801
4,62,51.0354,0.7656,0.8726
4,63,50.3496,0.7679,0.8753
4,64,51.4435,0.7669,0.8713
4,65,50.8566,0.7737,0.8727
4,66,49.5860,0.7680,0.8768
4,67,49.5988,0.7605,0.8771
4,68,49.0653,0.7839,0.8780
4,69,50.0245,0.7638,0.8758
4,70,49.6048,0.7820,0.8753
4,71,50.0900,0.7713,0.8752
4,72,49.1475,0.7563,0.8784
4,73,48.6952,0.7714,0.8791
4,74,49.8770,0.7616,0.8761
4,75,48.9155,0.7703,0.8796
4,76,50.6353,0.7744,0.8724
4,77,48.9074,0.7607,0.8791
4,78,49.7694,0.7758,0.8762
4,79,50.7583,0.7580,0.8732
4,80,49.0884,0.7872,0.8789
4,81,50.0325,0.7609,0.8763
4,82,50.5851,0.7702,0.8742
4,83,50.5336,0.7692,0.8731
4,84,49.0518,0.7610,0.8789
4,85,50.6367,0.7706,0.8738
4,86,49.7481,0.7539,0.8770
4,87,49.3712,0.7782,0.8779
4,88,50.9161,0.7704,0.8720
4,89,50.9747,0.7554,0.8726
4,90,50.3920,0.7699,0.8746
4,91,49.9894,0.7464,0.8759
4,92,46.9611,0.7652,0.8844
4,93,49.6889,0.7609,0.8764
4,94,48.3722,0.7517,0.8808
4,95,49.3168,0.7706,0.8782
4,96,50.7831,0.7559,0.8723
4,97,49.0664,0.7523,0.8776
4,98,49.1881,0.7625,0.8781
4,99,48.7026,0.7782,0.8800
4,100,49.4810,0.7660,0.8774
5,0,62.7185,0.7745,0.8386
5,1,65.6712,0.8358,0.8376
5,2,64.1953,0.8758,0.8461
5,3,64.4889,0.8096,0.8431
5,4,65.8254,0.8372,0.8439
5,5,63.8754,0.8061,0.8463
5,6,63.0238,0.8272,0.8501
5,7,63.1237,0.8160,0.8502
5,8,64.2689,0.7895,0.8478
5,9,62.0512,0.7549,0.8539
5,10,64.1411,0.7904,0.8485
5,11,63.7921,0.8246,0.8487
5,12,63.0334,0.8205,0.8489
5,13,60.7811,0.8343,0.8600
5,14,62.4645,0.8080,0.8505
5,15,60.6405,0.7760,0.8583
5,16,60.0796,0.8200,0.8588
5,17,61.7084,0.7894,0.8518
5,18,59.3909,0.7872,0.8620
5,19,62.5399,0.7822,0.8520
5,20,62.0851,0.7837,0.8562
5,21,63.7255,0.8206,0.8500
5,22,60.1167,0.8010,0.8606
5,23,59.2455,0.8177,0.8601
5,24,59.0214,0.7508,0.8622
5,25,60.4025,0.7705,0.8590
5,26,58.8096,0.7527,0.8630
5,27,60.5953,0.7958,0.8578
5,28,58.3557,0.7590,0.8647
5,29,60.8259,0.7983,0.8585
5,30,58.3593,0.7588,0.8656
5,31,58.0367,0.7572,0.8650
5,32,59.1297,0.8028,0.8612
5,33,60.3446,0.7429,0.8590
5,34,60.3366,0.8210,0.8593
5,35,60.9871,0.7682,0.8570
5,36,60.7324,0.7428,0.8582
5,37,58.4964,0.7671,0.8649
5,38,58.6465,0.7415,0.8643
5,39,59.4121,0.7716,0.8596
5,40,59.8549,0.7742,0.8622
5,41,59.5777,0.7826,0.8617
5,42,59.3985,0.7674,0.8614
5,43,55.7491,0.7504,0.8724
5,44,57.7969,0.7571,0.8650
5,45,58.0407,0.7612,0.8660
5,46,58.6340,0.7616,0.8663
5,47,60.4024,0.7731,0.8570
5,48,57.9669,0.7527,0.8653
5,49,56.2995,0.7753,0.8704
5,50,59.7685,0.7880,0.8603
5,51,59.4272,0.7647,0.8618
5,52,58.6903,0.7805,0.8642
5,53,60.7340,0.7450,0.8581
5,54,55.6625,0.7672,0.8710
5,55,53.9873,0.7461,0.8705
5,56,52.6478,0.7388,0.8741
5,57,51.5042,0.7130,0.8761
5,58,51.1635,0.7162,0.8765
5,59,49.8386,0.7293,0.8800
5,60,52.4585,0.7431,0.8712
5,61,52.9551,0.7176,0.8693
5,62,49.7253,0.7049,0.8799
5,63,50.4434,0.7283,0.8777
5,64,50.3647,0.7404,0.8773
5,65,50.5087,0.7218,0.8755
5,66,49.2220,0.6925,0.8799
5,67,51.5024,0.7505,0.8722
5,68,50.2834,0.7079,0.8755
5,69,50.2934,0.7221,0.8769
5,70,48.7310,0.7271,0.8810
5,71,48.8534,0.7040,0.8808
5,72,47.4766,0.7237,0.8846
5,73,48.4574,0.7384,0.8814
5,74,49.9987,0.7181,0.8760
5,75,49.5043,0.7120,0.8787
5,76,48.4011,0.7403,0.8823
5,77,49.9480,0.7298,0.8760
5,78,49.2539,0.7358,0.8786
5,79,48.7589,0.6923,0.8800
5,80,48.9377,0.7219,0.8788
5,81,49.7411,0.7218,0.8751
5,82,49.4761,0.7219,0.8776
5,83,49.9676,0.7093,0.8753
5,84,48.8744,0.7340,0.8797
5,85,48.6259,0.7136,0.8806
5,86,47.8431,0.6941,0.8830
5,87,49.9936,0.7040,0.8751
5,88,47.9507,0.7185,0.8816
5,89,47.6521,0.7003,0.8837
5,90,48.8668,0.7239,0.8787
5,91,48.4642,0.6920,0.8806
5,92,49.5231,0.6919,0.8764
5,93,47.9123,0.6686,0.8823
5,94,47.8735,0.7527,0.8819
5,95,48.4501,0.7045,0.8798
5,96,47.1730,0.7470,0.8837
5,97,46.2282,0.7030,0.8860
5,98,48.5886,0.7139,0.8782
5,99,47.3490,0.7228,0.8812
5,100,47.4233,0.6855,0.8829
6,0,66.2089,0.7686,0.8417
6,1,71.6112,0.7569,0.8475
6,2,71.5353,0.7658,0.8465
6,3,73.6641,0.8004,0.8416
6,4,67.8793,0.7966,0.8585
6,5,70.5504,0.8428,0.8493
6,6,72.1862,0.7911,0.8462
6,7,74.8744,0.7900,0.8426
6,8,68.3056,0.7898,0.8600
6,9,68.1667,0.7581,0.8608
6,10,70.6983,0.7477,0.8537
6,11,68.0666,0.7358,0.8570
6,12,68.3877,0.8352,0.8608
6,13,67.2961,0.7902,0.8626
6,14,68.9328,0.7678,0.8537
6,15,69.1276,0.8160,0.8593
6,16,66.9190,0.8175,0.8613
6,17,65.4172,0.8193,0.8662
6,18,67.3865,0.7263,0.8589
6,19,65.5974,0.7762,0.8673
6,20,65.7509,0.6857,0.8634
6,21,69.4641,0.7797,0.8571
6,22,63.7962,0.7047,0.8718
6,23,65.6383,0.7238,0.8661
6,24,62.3636,0.6990,0.8753
6,25,66.6014,0.7001,0.8608
6,26,68.9882,0.7709,0.8581
6,27,66.3070,0.7325,0.8657
6,28,66.3284,0.7989,0.8650
6,29,61.6219,0.8022,0.8762
6,30,59.3343,0.7174,0.8770
6,31,58.5393,0.7744,0.8769
6,32,59.6724,0.7592,0.8728
6,33,58.5014,0.7043,0.8727
6,34,56.6568,0.7230,0.8788
6,35,56.5121,0.7106,0.8783
6,36,56.0063,0.6921,0.8789
6,37,56.4972,0.7252,0.8789
6,38,57.8552,0.6856,0.8740
6,39,55.4522,0.7285,0.8786
6,40,55.0220,0.7117,0.8801
6,41,55.2945,0.7177,0.8797
6,42,55.9124,0.6840,0.8777
6,43,52.8121,0.6880,0.8864
6,44,55.3777,0.7038,0.8794
6,45,54.6880,0.6742,0.8790
6,46,56.6268,0.6945,0.8760
6,47,53.9326,0.6855,0.8841
6,48,53.3573,0.6619,0.8861
6,49,53.4976,0.6959,0.8829
6,50,54.1142,0.7064,0.8809
6,51,52.5291,0.6937,0.8855
6,52,53.5545,0.6538,0.8820
6,53,53.8196,0.6898,0.8794
6,54,55.0452,0.6759,0.8765
6,55,52.6144,0.7059,0.8853
6,56,53.3197,0.6771,0.8827
6,57,52.3575,0.6799,0.8832
6,58,51.7398,0.6656,0.8865
6,59,52.9849,0.6854,0.8832
6,60,51.4981,0.6680,0.8869
6,61,51.7388,0.6723,0.8874
6,62,52.4630,0.6933,0.8855
6,63,51.1099,0.6857,0.8867
6,64,53.2705,0.6744,0.8822
6,65,51.4797,0.6713,0.8874
6,66,52.4998,0.6803,0.8832
6,67,51.1281,0.6965,0.8881
6,68,51.5722,0.6791,0.8841
6,69,51.1586,0.6780,0.8886
6,70,52.9614,0.6618,0.8819
6,71,51.0265,0.6844,0.8881
6,72,52.1569,0.6792,0.8834
6,73,49.9844,0.6852,0.8906
6,74,50.4494,0.6771,0.8899
6,75,51.1257,0.6828,0.8883
6,76,52.7813,0.6718,0.8833
6,77,50.5139,0.6817,0.8891
6,78,51.5660,0.6936,0.8867
6,79,51.5006,0.6889,0.8852
6,80,50.4925,0.7003,0.8893
6,81,51.2521,0.6850,0.8880
6,82,52.3343,0.6948,0.8843
6,83,52.3355,0.6799,0.8833
6,84,54.0379,0.6933,0.8778
6,85,52.8859,0.6701,0.8804
6,86,52.9390,0.6962,0.8824
6,87,53.4469,0.6841,0.8812
6,88,53.4218,0.6949,0.8812
6,89,51.9250,0.6725,0.8856
6,90,50.6861,0.6884,0.8902
6,91,54.1896,0.7030,0.8775
6,92,51.9998,0.6881,0.8862
6,93,49.4900,0.6791,0.8930
6,94,51.8773,0.6713,0.8867
6,95,53.0823,0.6850,0.8803
6,96,52.7660,0.6930,0.8825
6,97,51.6245,0.6825,0.8874
6,98,51.1297,0.6665,0.8879
6,99,51.6289,0.6625,0.8853
6,100,52.0779,0.6975,0.8847
7,0,65.9557,0.9851,0.8482
7,1,67.8665,1.0554,0.8522
7,2,66.4484,0.8634,0.8634
7,3,65.0075,0.8263,0.8634
7,4,70.3340,0.7598,0.8581
7,5,63.2762,0.9344,0.8761
7,6,64.7185,0.8862,0.8683
7,7,66.3870,0.7962,0.8621
7,8,62.1679,0.9949,0.8755
7,9,65.6915,1.0188,0.8695
7,10,62.9723,0.8879,0.8749
7,11,65.7656,0.8077,0.8637
7,12,63.4574,1.0692,0.8761
7,13,61.9749,0.8538,0.8758
7,14,63.1821,0.8634,0.8722
7,15,63.4919,1.7679,0.8775
7,16,60.8613,0.9863,0.8780
7,17,64.1747,0.8313,0.8699
7,18,62.7496,0.7915,0.8753
7,19,63.4316,0.8390,0.8731
7,20,60.6244,0.8394,0.8743
7,21,55.2252,0.7498,0.8888
7,22,56.0575,0.8001,0.8825
7,23,55.3238,0.7716,0.8853
7,24,53.2854,0.7969,0.8896
7,25,53.7133,0.7566,0.8876
7,26,55.4092,0.8426,0.8836
7,27,51.3859,0.7431,0.8941
7,28,54.2703,0.7813,0.8870
7,29,55.1287,0.8452,0.8800
7,30,53.1726,0.7668,0.8873
7,31,52.5630,0.8205,0.8897
7,32,49.0769,0.8529,0.9004
7,33,52.8050,0.7264,0.8878
7,34,52.0979,0.7177,0.8887
7,35,51.5008,0.7710,0.8891
7,36,51.7384,0.7992,0.8911
7,37,50.3228,0.7469,0.8968
7,38,50.7381,0.8554,0.8916
7,39,53.2783,0.8970,0.8861
7,40,53.9982,0.8291,0.8783
7,41,52.7434,0.8216,0.8845
7,42,52.4824,0.7741,0.8869
7,43,54.0763,0.7193,0.8813
7,44,51.7906,0.7718,0.8888
7,45,52.2796,0.8362,0.8860
7,46,52.3535,0.8031,0.8864
7,47,51.0741,0.7527,0.8913
7,48,53.4515,0.8550,0.8842
7,49,51.8464,0.8414,0.8881
7,50,50.9489,0.7989,0.8884
7,51,54.4808,0.8468,0.8777
7,52,51.8391,0.8414,0.8902
7,53,54.5930,0.8403,0.8821
7,54,49.8188,0.7473,0.8953
7,55,50.8386,0.8171,0.8915
7,56,50.8611,0.7963,0.8916
7,57,51.9748,0.7838,0.8886
7,58,54.2483,0.7675,0.8786
7,59,49.4135,0.8030,0.8965
7,60,49.4478,0.7821,0.8946
7,61,52.8065,0.7975,0.8837
7,62,50.8364,0.8177,0.8899
7,63,53.2097,0.8371,0.8841
7,64,50.3784,0.7671,0.8943
7,65,52.0801,0.8014,0.8853
7,66,52.1091,0.8067,0.8871
7,67,51.9751,0.8132,0.8898
7,68,54.8608,0.7978,0.8806
7,69,51.2673,0.8275,0.8888
7,70,52.3679,0.7817,0.8834
7,71,51.7959,0.7516,0.8901
7,72,49.1078,0.7738,0.8956
7,73,49.0448,0.7533,0.8961
7,74,49.0694,0.8339,0.8961
7,75,52.9621,0.7750,0.8846
7,76,50.5357,0.8497,0.8930
7,77,52.3467,0.8152,0.8865
7,78,51.3482,0.7920,0.8906
7,79,52.3076,0.7807,0.8863
7,80,52.0097,0.7732,0.8891
7,81,50.7583,0.7463,0.8881
7,82,51.9605,0.7847,0.8888
7,83,50.0081,0.8579,0.8941
7,84,49.9683,0.7885,0.8955
7,85,50.4724,0.8358,0.8932
7,86,51.3079,0.8161,0.8874
7,87,52.0229,0.7818,0.8883
7,88,53.7061,0.8257,0.8813
7,89,53.1906,0.7805,0.8848
7,90,52.4765,0.7953,0.8861
7,91,52.0805,0.8374,0.8900
7,92,52.2460,0.8389,0.8878
7,93,54.6498,0.8015,0.8801
7,94,50.1252,0.7860,0.8957
7,95,52.7142,0.8229,0.8857
7,96,49.7059,0.8207,0.8952
7,97,50.8014,0.7615,0.8927
7,98,50.5456,0.8393,0.8910
7,99,51.2096,0.8095,0.8901
7,100,54.5303,0.8154,0.8807
7,101,50.6452,0.7853,0.8934
7,102,55.3183,0.7519,0.8780
7,103,53.0184,0.8053,0.8836
7,104,50.6844,0.8132,0.8936
7,105,52.3224,0.8366,0.8863
7,106,51.5219,0.7913,0.8878
7,107,51.1384,0.7967,0.8944
7,108,49.6921,0.7954,0.8950
7,109,49.6448,0.8333,0.8944
7,110,53.9320,0.8120,0.8821
7,111,53.6001,0.8612,0.8808
7,112,53.2019,0.8286,0.8842
7,113,51.7553,0.8092,0.8883
7,114,50.5342,0.8223,0.8938
7,115,50.9947,0.8137,0.8928
7,116,50.4186,0.8297,0.8923
7,117,51.5313,0.8184,0.8902
7,118,52.8222,0.8536,0.8856
7,119,52.0748,0.7949,0.8886
7,120,50.2950,0.7866,0.8922
7,121,49.3203,0.7953,0.8984
7,122,50.5656,0.8209,0.8932
7,123,48.1838,0.7799,0.8966
7,124,50.4502,0.7944,0.8919
7,125,50.6859,0.8400,0.8923
7,126,49.2871,0.8525,0.8964
7,127,52.0436,0.7817,0.8880
7,128,50.6225,0.8073,0.8927
7,129,51.9158,0.7704,0.8912
7,130,52.2181,0.8404,0.8898
7,131,47.6788,0.7574,0.9009
7,132,49.7771,0.7929,0.8967
7,133,50.7302,0.7409,0.8936
7,134,52.9645,0.8064,0.8873
7,135,49.7295,0.8237,0.8957
7,136,51.5787,0.7890,0.8876
7,137,51.0544,0.7918,0.8926
7,138,52.2233,0.7235,0.8877
7,139,52.4808,0.7752,0.8840
7,140,52.3806,0.8554,0.8876
7,141,53.1262,0.7963,0.8867
7,142,50.5259,0.7541,0.8946
7,143,52.9614,0.7614,0.8843
7,144,49.9103,0.8111,0.8936
7,145,52.0675,0.8104,0.8908
7,146,50.9829,0.7444,0.8924
7,147,51.6250,0.7637,0.8861
7,148,51.3445,0.8993,0.8917
7,149,50.7778,0.8191,0.8914
7,150,52.5334,0.8646,0.8871
7,151,49.0912,0.8215,0.8972
7,152,53.4101,0.7775,0.8836
7,153,50.6367,0.8455,0.8954
7,154,50.4252,0.8176,0.8929
7,155,49.8004,0.8431,0.8951
7,156,52.6654,0.8301,0.8840
7,157,53.0905,0.8059,0.8859
7,158,53.9837,0.9238,0.8800
7,159,52.8119,0.8367,0.8861
7,160,51.4706,0.7880,0.8861
7,161,49.3901,0.7665,0.8973
7,162,54.6051,0.8554,0.8797
7,163,49.0225,0.8400,0.8981
7,164,53.3239,0.8099,0.8828
7,165,52.9066,0.8905,0.8837
7,166,53.7054,0.8212,0.8800
7,167,49.1742,0.7560,0.8963
7,168,53.7728,0.8291,0.8797
7,169,52.1324,0.7926,0.8874
7,170,49.7068,0.8184,0.8968
7,171,52.3854,0.9001,0.8888
7,172,50.7791,0.8429,0.8925
7,173,49.6601,0.8020,0.8940
7,174,50.0473,0.7612,0.8933
7,175,51.1685,0.7854,0.8909
7,176,50.5313,0.8315,0.8930
7,177,52.5713,0.8380,0.8859
7,178,53.9293,0.8129,0.8849
7,179,50.3203,0.7728,0.8935
7,180,49.5208,0.7829,0.8951
7,181,53.2635,0.7579,0.8851
7,182,51.2772,0.8240,0.8884
7,183,51.0677,0.8777,0.8930
7,184,51.7945,0.8148,0.8878
7,185,50.0861,0.7938,0.8943
7,186,50.9584,0.7596,0.8895
7,187,49.1791,0.7808,0.8949
7,188,51.8996,0.7933,0.8895
7,189,50.5589,0.7776,0.8917
7,190,52.2643,0.7589,0.8846
7,191,50.5889,0.8288,0.8916
7,192,49.9344,0.7957,0.8962
7,193,52.6659,0.7416,0.8881
7,194,52.5335,0.8200,0.8879
7,195,52.8285,1.0082,0.8866
7,196,52.9843,0.7446,0.8838
7,197,52.1191,0.7950,0.8874
7,198,48.9356,0.8232,0.8970
7,199,52.9355,0.8063,0.8855
8,0,79.0530,0.9012,0.8123
8,1,76.5479,0.8176,0.8369
8,2,76.3821,0.8627,0.8396
8,3,71.9061,0.8590,0.8545
8,4,78.7032,0.8759,0.8341
8,5,74.1551,0.9707,0.8493
8,6,78.2604,0.8883,0.8478
8,7,73.8493,0.7965,0.8532
8,8,77.2401,0.8001,0.8423
8,9,73.0728,0.8979,0.8516
8,10,73.2216,0.7139,0.8508
8,11,68.1218,0.7185,0.8691
8,12,72.2927,0.9537,0.8560
8,13,67.0552,0.7740,0.8656
8,14,68.7045,0.7154,0.8667
8,15,71.4038,0.7419,0.8559
8,16,70.3392,0.7330,0.8634
8,17,68.7348,0.7161,0.8648
8,18,67.5231,0.7330,0.8705
8,19,65.9910,0.7746,0.8726
8,20,65.4866,0.7370,0.8722
8,21,66.5144,0.8011,0.8692
8,22,68.8781,0.7581,0.8611
8,23,63.0944,0.7577,0.8798
8,24,64.4671,0.7018,0.8768
8,25,66.7730,0.7226,0.8679
8,26,67.5359,0.6988,0.8684
8,27,67.2898,0.7794,0.8676
8,28,67.4792,0.7593,0.8661
8,29,65.1292,0.7414,0.8757
8,30,66.0862,0.7487,0.8701
8,31,69.2551,0.6810,0.8618
8,32,70.0772,0.7684,0.8577
8,33,68.9157,0.7514,0.8627
8,34,65.2944,0.7733,0.8770
8,35,66.8776,0.7524,0.8687
8,36,67.5799,0.7491,0.8670
8,37,64.2122,0.8278,0.8782
8,38,64.9374,0.7402,0.8754
8,39,61.6819,0.6862,0.8761
8,40,61.6640,0.7397,0.8718
8,41,59.4885,0.7467,0.8781
8,42,57.4646,0.6898,0.8824
8,43,59.5101,0.7288,0.8735
8,44,58.4287,0.6831,0.8775
8,45,57.4523,0.7103,0.8796
8,46,57.9729,0.7024,0.8795
8,47,56.2267,0.7288,0.8837
8,48,56.8402,0.7139,0.8814
8,49,56.2415,0.7114,0.8822
8,50,54.6214,0.7238,0.8875
8,51,57.1252,0.7274,0.8800
8,52,57.9261,0.6755,0.8757
8,53,53.3115,0.6969,0.8910
8,54,54.0785,0.6932,0.8892
8,55,52.7017,0.6499,0.8927
8,56,52.9885,0.6646,0.8918
8,57,52.0995,0.6685,0.8933
8,58,55.0494,0.6922,0.8845
8,59,55.2391,0.6865,0.8831
8,60,54.5141,0.6788,0.8846
8,61,54.2046,0.6875,0.8858
8,62,51.8077,0.6806,0.8931
8,63,52.2924,0.7298,0.8903
8,64,54.1578,0.7019,0.8864
8,65,51.7435,0.6627,0.8929
8,66,53.4159,0.6720,0.8876
8,67,53.6232,0.6866,0.8868
8,68,54.6309,0.6823,0.8830
8,69,54.3141,0.6820,0.8848
8,70,51.0417,0.6854,0.8956
8,71,53.1449,0.6716,0.8901
8,72,52.3483,0.6805,0.8917
8,73,52.4748,0.6931,0.8916
8,74,53.0084,0.7348,0.8887
8,75,52.5966,0.6853,0.8894
8,76,53.8695,0.6802,0.8842
8,77,51.3986,0.6849,0.8943
8,78,51.3174,0.6622,0.8958
8,79,51.5638,0.6958,0.8931
8,80,52.8143,0.7031,0.8877
8,81,51.3321,0.6774,0.8935
8,82,52.2743,0.6863,0.8933
8,83,54.2031,0.6965,0.8860
8,84,52.6565,0.6814,0.8892
8,85,53.4054,0.7133,0.8873
8,86,52.4785,0.6688,0.8894
8,87,53.6230,0.6963,0.8869
8,88,52.8188,0.7036,0.8893
8,89,52.1748,0.6716,0.8923
8,90,56.2058,0.6995,0.8782
8,91,53.8681,0.6833,0.8858
8,92,54.6513,0.6567,0.8849
8,93,52.3626,0.6975,0.8903
8,94,53.3466,0.6733,0.8870
8,95,55.4066,0.6731,0.8813
8,96,53.4826,0.6853,0.8872
8,97,49.7973,0.6750,0.8993
8,98,55.1234,0.6791,0.8816
8,99,53.7322,0.6992,0.8844
8,100,54.0431,0.6769,0.8853
9,0,96.6388,1.0295,0.8121
9,1,93.5911,1.0041,0.8379
9,2,93.6811,0.9643,0.8419
9,3,90.6577,0.9434,0.8462
9,4,91.8661,0.9705,0.8400
9,5,87.6071,0.9708,0.8539
9,6,92.3511,0.9405,0.8408
9,7,87.3174,0.9083,0.8529
9,8,85.5481,0.9434,0.8575
9,9,87.2662,0.9349,0.8537
9,10,88.4450,0.9276,0.8532
9,11,87.4415,0.9310,0.8550
9,12,84.7083,0.9287,0.8599
9,13,86.5257,0.9058,0.8574
9,14,81.9113,0.9074,0.8619
9,15,76.9040,0.8748,0.8660
9,16,74.5685,0.8291,0.8679
9,17,72.1067,0.8464,0.8746
9,18,74.1918,0.8557,0.8689
9,19,72.8374,0.8635,0.8697
9,20,73.1937,0.8692,0.8711
9,21,71.3308,0.8967,0.8736
9,22,71.8409,0.8967,0.8712
9,23,73.6707,0.8624,0.8643
9,24,69.0829,0.8738,0.8781
9,25,69.3489,0.9057,0.8772
9,26,71.5136,0.8893,0.8696
9,27,69.5067,0.8636,0.8779
9,28,67.7495,0.8390,0.8799
9,29,72.4567,0.8113,0.8672
9,30,72.0758,0.8784,0.8677
9,31,68.0595,0.8439,0.8801
9,32,69.4668,0.8238,0.8773
9,33,70.3178,0.8195,0.8719
9,34,68.9013,0.8219,0.8730
9,35,68.4207,0.8372,0.8762
9,36,68.7314,0.8306,0.8746
9,37,69.1027,0.8326,0.8748
9,38,65.6407,0.8185,0.8825
9,39,65.6776,0.8446,0.8807
9,40,67.8150,0.7824,0.8749
9,41,65.4215,0.8402,0.8813
9,42,66.6814,0.8383,0.8783
9,43,67.3893,0.8043,0.8787
9,44,68.2294,0.8259,0.8747
9,45,66.3693,0.8017,0.8804
9,46,67.2704,0.8049,0.8772
9,47,65.4370,0.8408,0.8808
9,48,68.2262,0.7764,0.8750
9,49,66.9007,0.8150,0.8764
9,50,64.8411,0.8112,0.8823
9,51,65.0134,0.7902,0.8810
9,52,65.3004,0.8309,0.8824
9,53,65.4833,0.7997,0.8807
9,54,64.6672,0.7940,0.8843
9,55,65.9116,0.7934,0.8798
9,56,66.2731,0.7855,0.8773
9,57,66.1930,0.7797,0.8772
9,58,65.8675,0.8240,0.8790
9,59,66.8141,0.8198,0.8772
9,60,66.0360,0.7977,0.8804
9,61,67.6286,0.7884,0.8757
9,62,65.7939,0.8245,0.8791
9,63,66.4947,0.8189,0.8776
9,64,66.0119,0.8024,0.8776
9,65,67.4689,0.7871,0.8770
9,66,67.9041,0.8071,0.8730
9,67,65.7374,0.8078,0.8800
9,68,66.3858,0.7885,0.8780
9,69,66.9805,0.8006,0.8766
9,70,65.1872,0.8131,0.8814
9,71,66.4282,0.7932,0.8775
9,72,64.2870,0.8128,0.8837
9,73,65.9070,0.8264,0.8779
9,74,66.7079,0.7814,0.8785
9,75,63.7154,0.7897,0.8859
9,76,65.6161,0.7876,0.8815
9,77,66.0004,0.8505,0.8803
9,78,65.6878,0.8097,0.8800
9,79,66.7158,0.7927,0.8776
9,80,64.6958,0.7929,0.8845
9,81,67.0214,0.7974,0.8761
9,82,67.3288,0.8129,0.8771
9,83,67.8055,0.8012,0.8722
9,84,66.4727,0.7844,0.8791
9,85,64.5238,0.7961,0.8822
9,86,67.7552,0.8242,0.8743
9,87,65.5358,0.8037,0.8809
9,88,63.0019,0.8139,0.8875
9,89,67.5407,0.7850,0.8756
9,90,64.5919,0.7905,0.8823
9,91,64.0982,0.7885,0.8852
9,92,65.1739,0.8170,0.8819
9,93,66.2977,0.7802,0.8792
9,94,66.1697,0.7606,0.8788
9,95,68.5704,0.7897,0.8739
9,96,63.7922,0.8063,0.8846
9,97,65.0976,0.7909,0.8813
9,98,67.4347,0.8057,0.8766
9,99,68.6949,0.7941,0.8721
9,100,66.3014,0.8051,0.8793
