training_exp,epoch,lr,Loss_Epoch,Time_Epoch,RelativeDistance_Epoch,R2Score_Epoch
0,0,0.002,255.0241,0.8774,3.2265,-0.0549
0,1,0.002,184.7316,0.5556,3.7397,0.2095
0,2,0.002,161.4581,0.5060,3.5791,0.3054
0,3,0.002,145.8852,0.4294,3.5192,0.3805
0,4,0.002,133.6705,0.4366,3.0329,0.4415
0,5,0.002,123.1310,0.5494,2.6423,0.4909
0,6,0.002,114.3114,0.5371,2.4582,0.5319
0,7,0.002,106.8103,0.4104,2.1326,0.5626
0,8,0.002,101.0623,0.3949,1.9884,0.5874
0,9,0.002,96.3542,0.5710,1.8993,0.6035
0,10,0.002,91.7979,0.5500,1.8549,0.6226
0,11,0.002,87.4042,0.4400,1.7050,0.6411
0,12,0.002,84.4166,0.4344,1.7349,0.6535
0,13,0.002,79.3464,0.5435,1.6063,0.6772
0,14,0.002,76.2923,0.5142,1.5296,0.6885
0,15,0.002,74.2951,0.3825,1.5560,0.6966
0,16,0.002,70.8253,0.4144,1.5158,0.7111
0,17,0.002,68.8161,0.5727,1.4467,0.7190
0,18,0.002,66.2930,0.5354,1.4057,0.7295
0,19,0.002,64.6988,0.3950,1.3636,0.7344
0,20,0.002,61.9404,0.4151,1.3384,0.7451
0,21,0.002,61.3540,0.5649,1.2948,0.7485
0,22,0.002,58.6595,0.5314,1.2673,0.7599
0,23,0.002,57.6715,0.3753,1.2673,0.7621
0,24,0.002,56.0641,0.3907,1.2498,0.7686
0,25,0.002,55.6882,0.5616,1.1755,0.7697
0,26,0.002,54.8926,0.5146,1.1619,0.7730
0,27,0.002,53.9148,0.4105,1.1956,0.7752
0,28,0.002,52.7567,0.4834,1.1630,0.7800
0,29,0.002,51.9418,0.6029,1.1180,0.7855
0,30,0.002,51.0118,0.5182,1.1565,0.7870
0,31,0.002,51.2153,0.4023,1.1278,0.7845
0,32,0.002,49.4169,0.4177,1.1102,0.7936
0,33,0.002,49.7081,0.5186,1.0756,0.7903
0,34,0.002,48.9178,0.5371,1.0904,0.7943
0,35,0.002,48.0663,0.3869,1.0907,0.7981
0,36,0.002,47.3200,0.4066,1.0979,0.8009
0,37,0.002,46.2903,0.5353,1.0448,0.8048
0,38,0.002,46.1349,0.5849,1.0524,0.8056
0,39,0.002,45.3790,0.3854,1.0597,0.8073
0,40,0.002,45.1708,0.4570,1.0412,0.8102
0,41,0.002,45.0540,0.5247,1.0192,0.8100
0,42,0.002,44.4225,0.5392,1.0730,0.8110
0,43,0.002,44.2053,0.3960,1.0315,0.8126
0,44,0.002,43.5705,0.3877,1.0297,0.8152
0,45,0.002,43.9942,0.5527,1.0300,0.8129
0,46,0.002,42.8973,0.5897,1.0063,0.8188
0,47,0.002,42.7546,0.4054,1.0065,0.8177
0,48,0.002,42.7883,0.3784,0.9869,0.8183
0,49,0.002,42.0780,0.5212,0.9995,0.8208
0,50,0.002,41.8612,0.5777,0.9950,0.8226
0,51,0.002,41.5531,0.4045,0.9667,0.8240
0,52,0.002,40.9284,0.3942,0.9685,0.8255
0,53,0.002,41.2551,0.5577,0.9720,0.8245
0,54,0.002,40.3688,0.5522,0.9697,0.8287
0,55,0.002,40.4472,0.3994,0.9745,0.8284
0,56,0.002,40.1825,0.3710,0.9732,0.8289
0,57,0.002,39.8733,0.5372,0.9630,0.8313
0,58,0.002,39.4962,0.6092,0.9601,0.8315
0,59,0.002,39.3053,0.4317,0.9490,0.8326
0,60,0.002,38.6357,0.3779,0.9395,0.8357
0,61,0.002,38.8156,0.5546,0.9306,0.8340
0,62,0.002,38.3438,0.5662,0.9269,0.8364
0,63,0.002,38.9840,0.4018,0.9292,0.8333
0,64,0.002,38.0988,0.3985,0.9564,0.8377
0,65,0.002,37.7458,0.5288,0.9193,0.8397
0,66,0.002,37.9907,0.5550,0.9055,0.8372
0,67,0.002,37.4165,0.4487,0.9200,0.8401
0,68,0.002,36.9638,0.4270,0.9357,0.8411
0,69,0.002,37.0038,0.5597,0.8956,0.8411
0,70,0.002,36.5212,0.5900,0.9274,0.8436
0,71,0.002,36.2329,0.4380,0.8875,0.8451
0,72,0.002,36.5225,0.4103,0.9030,0.8424
0,73,0.002,35.9777,0.6030,0.8890,0.8457
0,74,0.002,36.0155,0.5914,0.9003,0.8469
0,75,0.002,35.9142,0.4629,0.9062,0.8464
0,76,0.002,35.2880,0.4115,0.8799,0.8481
0,77,0.002,36.1057,0.5526,0.9098,0.8461
0,78,0.002,35.8333,0.6168,0.8624,0.8458
0,79,0.002,35.7033,0.4523,0.8740,0.8462
0,80,0.002,35.3513,0.4768,0.8664,0.8488
0,81,0.002,34.6496,0.6247,0.8716,0.8493
0,82,0.002,34.9900,0.5680,0.8621,0.8502
0,83,0.002,34.2075,0.4825,0.8609,0.8540
0,84,0.002,34.8686,0.4431,0.8866,0.8500
0,85,0.002,34.6154,0.5956,0.8783,0.8506
0,86,0.002,34.3555,0.6132,0.8524,0.8514
0,87,0.002,34.0794,0.4517,0.8696,0.8527
0,88,0.002,34.2809,0.4057,0.8593,0.8516
0,89,0.002,33.8615,0.5669,0.8704,0.8550
0,90,0.002,33.3246,0.5597,0.8504,0.8571
0,91,0.002,34.3283,0.4430,0.8431,0.8524
0,92,0.002,33.6674,0.4641,0.8626,0.8551
0,93,0.002,33.3698,0.5858,0.8664,0.8563
0,94,0.002,33.6932,0.5682,0.8377,0.8555
0,95,0.002,33.1606,0.4049,0.8600,0.8557
0,96,0.002,33.2412,0.5075,0.8339,0.8564
0,97,0.002,33.2042,0.5672,0.8499,0.8578
0,98,0.002,33.1251,0.5376,0.8470,0.8577
0,99,0.002,32.6077,0.4283,0.8412,0.8592
0,100,0.002,32.7845,0.4707,0.8152,0.8596
0,101,0.002,32.0463,0.5993,0.8302,0.8622
0,102,0.002,32.1225,0.5730,0.8158,0.8614
0,103,0.002,32.1991,0.4853,0.8157,0.8601
0,104,0.002,31.9025,0.4488,0.8513,0.8618
0,105,0.002,32.0303,0.5530,0.8381,0.8613
0,106,0.002,31.9592,0.5536,0.8146,0.8616
0,107,0.002,32.0043,0.3830,0.8161,0.8625
0,108,0.002,31.8657,0.4063,0.8265,0.8627
0,109,0.002,31.3014,0.5982,0.8325,0.8651
0,110,0.002,31.7986,0.5882,0.8150,0.8626
0,111,0.002,31.8320,0.4397,0.8295,0.8621
0,112,0.002,31.9987,0.4147,0.8303,0.8615
0,113,0.002,31.2693,0.5698,0.8425,0.8644
0,114,0.002,31.7800,0.5681,0.8218,0.8627
0,115,0.002,31.9222,0.3957,0.8161,0.8627
0,116,0.002,31.7193,0.4149,0.8187,0.8632
0,117,0.002,31.2618,0.5636,0.8258,0.8651
0,118,0.002,31.8212,0.5962,0.8112,0.8621
0,119,0.002,31.0242,0.4608,0.7870,0.8661
0,120,0.002,30.3107,0.4434,0.7923,0.8692
0,121,0.002,30.3897,0.5332,0.7988,0.8690
0,122,0.002,30.6655,0.5708,0.8001,0.8669
0,123,0.002,30.4439,0.5256,0.7967,0.8673
0,124,0.002,30.3046,0.3988,0.8058,0.8695
0,125,0.002,30.4816,0.5293,0.8033,0.8684
0,126,0.002,30.4651,0.6267,0.8018,0.8673
0,127,0.002,30.0578,0.4239,0.7973,0.8690
0,128,0.002,30.1930,0.4282,0.7809,0.8694
0,129,0.002,29.8404,0.6182,0.7963,0.8706
0,130,0.002,30.0547,0.6547,0.8032,0.8694
0,131,0.002,29.6863,0.4424,0.7947,0.8710
0,132,0.002,29.7743,0.4629,0.8109,0.8697
0,133,0.002,30.3613,0.6070,0.7770,0.8678
0,134,0.002,30.3677,0.5819,0.7934,0.8681
0,135,0.002,29.9312,0.4343,0.8034,0.8697
0,136,0.002,29.1560,0.4177,0.7801,0.8730
0,137,0.002,29.4250,0.5780,0.7791,0.8722
0,138,0.002,29.0995,0.6026,0.7660,0.8746
0,139,0.002,29.4648,0.4349,0.7937,0.8721
0,140,0.002,29.1662,0.4220,0.7786,0.8744
0,141,0.002,29.5520,0.5795,0.7621,0.8722
0,142,0.002,28.8244,0.5985,0.7898,0.8746
0,143,0.002,29.7172,0.4247,0.7873,0.8703
0,144,0.002,29.3244,0.4682,0.7861,0.8730
0,145,0.002,28.5022,0.5527,0.7729,0.8759
0,146,0.002,28.9798,0.6420,0.7777,0.8742
0,147,0.002,29.1605,0.4206,0.7709,0.8735
0,148,0.002,28.9921,0.4628,0.7768,0.8736
0,149,0.002,28.7064,0.5285,0.7783,0.8752
0,150,0.002,29.0067,0.5950,0.7793,0.8757
0,151,0.002,28.5592,0.4585,0.7700,0.8757
0,152,0.002,28.4942,0.4570,0.7790,0.8765
0,153,0.002,28.3642,0.6709,0.7843,0.8764
0,154,0.002,28.0983,0.6208,0.7707,0.8791
0,155,0.002,28.2584,0.4599,0.7773,0.8767
0,156,0.002,28.0247,0.4615,0.7614,0.8774
0,157,0.002,28.3872,0.5542,0.7635,0.8757
0,158,0.002,28.7945,0.5611,0.7639,0.8758
0,159,0.002,28.1802,0.4927,0.7609,0.8782
0,160,0.002,28.3716,0.4627,0.7467,0.8761
0,161,0.002,28.6748,0.5758,0.7638,0.8756
0,162,0.002,27.7828,0.5917,0.7519,0.8798
0,163,0.002,28.1369,0.4427,0.7596,0.8783
0,164,0.002,27.6509,0.4245,0.7553,0.8801
0,165,0.002,27.8899,0.5325,0.7639,0.8782
0,166,0.002,27.8356,0.5614,0.7515,0.8783
0,167,0.002,28.1380,0.4374,0.7558,0.8783
0,168,0.002,28.3440,0.4803,0.7685,0.8772
0,169,0.002,27.9289,0.6058,0.7587,0.8789
0,170,0.002,27.5879,0.6426,0.7587,0.8809
0,171,0.002,27.7892,0.4643,0.7636,0.8784
0,172,0.002,27.5653,0.4228,0.7693,0.8799
0,173,0.002,27.6388,0.5646,0.7635,0.8797
0,174,0.002,27.6303,0.6082,0.7646,0.8800
0,175,0.002,27.7168,0.4459,0.7456,0.8795
0,176,0.002,27.5507,0.4570,0.7643,0.8791
0,177,0.002,27.3517,0.6089,0.7394,0.8814
0,178,0.002,27.3665,0.5562,0.7536,0.8811
0,179,0.002,26.9567,0.4476,0.7466,0.8832
0,180,0.002,27.2924,0.4039,0.7500,0.8804
0,181,0.002,27.2773,0.5585,0.7313,0.8810
0,182,0.002,27.3528,0.5803,0.7211,0.8798
0,183,0.002,26.7581,0.4265,0.7470,0.8838
0,184,0.002,27.3219,0.5131,0.7457,0.8807
0,185,0.002,26.9060,0.6164,0.7434,0.8805
0,186,0.002,27.1434,0.5440,0.7441,0.8812
0,187,0.002,27.0020,0.4310,0.7460,0.8818
0,188,0.002,26.7823,0.4064,0.7396,0.8825
0,189,0.002,26.9466,0.5872,0.7514,0.8830
0,190,0.002,26.8207,0.5560,0.7509,0.8817
0,191,0.002,26.9675,0.4459,0.7461,0.8820
0,192,0.002,26.5979,0.4575,0.7461,0.8841
0,193,0.002,26.2546,0.5832,0.7549,0.8855
0,194,0.002,26.9005,0.5300,0.7324,0.8827
0,195,0.002,26.2069,0.3949,0.7175,0.8855
0,196,0.002,26.4222,0.4315,0.7340,0.8850
0,197,0.002,26.6318,0.5695,0.7339,0.8845
0,198,0.002,26.3173,0.5764,0.7386,0.8859
0,199,0.002,26.6151,0.4864,0.7404,0.8832
1,0,0.002,181.4868,0.0655,0.6159,0.6645
1,1,0.002,179.0151,0.0706,0.7091,0.6674
1,2,0.002,179.2470,0.0891,0.6488,0.6501
1,3,0.002,148.2670,0.0803,0.6959,0.7175
1,4,0.002,163.9984,0.0882,0.7735,0.6800
1,5,0.002,146.1861,0.0815,0.6076,0.7239
1,6,0.002,148.6890,0.1008,0.6076,0.7184
1,7,0.002,133.5745,0.0861,0.7032,0.7409
1,8,0.002,131.8425,0.0867,0.7358,0.7506
1,9,0.002,130.0281,0.0794,0.6176,0.7425
1,10,0.002,131.1891,0.0907,0.6111,0.7397
1,11,0.002,119.7573,0.2437,0.6383,0.7707
1,12,0.002,118.1513,0.0858,0.6186,0.7656
1,13,0.002,118.3690,0.0835,0.5699,0.7710
1,14,0.002,117.2007,0.0791,0.5525,0.7775
1,15,0.002,110.4871,0.1261,0.5880,0.7831
1,16,0.002,114.3399,0.0764,0.5977,0.7753
1,17,0.002,108.0874,0.0887,0.5405,0.7841
1,18,0.002,108.3420,0.2334,0.5177,0.7812
1,19,0.002,103.5208,0.0731,0.5864,0.7972
1,20,0.002,107.2302,0.2276,0.5658,0.7885
1,21,0.002,100.8592,0.0803,0.5266,0.8012
1,22,0.002,104.8215,0.2367,0.5039,0.7943
1,23,0.002,105.1790,0.0705,0.5296,0.7948
1,24,0.002,105.4949,0.1012,0.5360,0.7883
1,25,0.002,98.0526,0.0640,0.5349,0.8035
1,26,0.002,102.4408,0.0647,0.5425,0.7942
1,27,0.002,95.3290,0.0502,0.5429,0.8082
1,28,0.002,100.2373,0.0720,0.5746,0.8016
1,29,0.002,92.8022,0.0563,0.5286,0.8130
1,30,0.002,93.6895,0.0669,0.5238,0.8136
1,31,0.002,96.2631,0.0723,0.5092,0.8102
1,32,0.002,93.2683,0.0681,0.5238,0.8164
1,33,0.002,94.5573,0.0689,0.5193,0.8145
1,34,0.002,91.9611,0.0596,0.5442,0.8171
1,35,0.002,94.5968,0.0590,0.5627,0.8109
1,36,0.002,93.4431,0.0771,0.5318,0.8143
1,37,0.002,91.4421,0.0804,0.5352,0.8171
1,38,0.002,88.7615,0.0650,0.5422,0.8236
1,39,0.002,91.4675,0.0600,0.5384,0.8184
1,40,0.002,91.0582,0.0665,0.5410,0.8183
1,41,0.002,88.7504,0.2250,0.5112,0.8253
1,42,0.002,89.7717,0.0563,0.5197,0.8192
1,43,0.002,88.1459,0.0512,0.5324,0.8278
1,44,0.002,88.1289,0.0603,0.4986,0.8237
1,45,0.002,86.8271,0.0570,0.5028,0.8243
1,46,0.002,89.0082,0.0486,0.5117,0.8210
1,47,0.002,87.8883,0.0704,0.5311,0.8263
1,48,0.002,83.6131,0.2230,0.5182,0.8341
1,49,0.002,87.5835,0.0532,0.5510,0.8245
1,50,0.002,86.1950,0.2079,0.5236,0.8315
1,51,0.002,86.8330,0.0808,0.5141,0.8259
1,52,0.002,83.2585,0.2197,0.5121,0.8352
1,53,0.002,82.0149,0.0638,0.5035,0.8372
1,54,0.002,83.5416,0.0517,0.4983,0.8328
1,55,0.002,80.7156,0.0706,0.5326,0.8394
1,56,0.002,82.0757,0.0579,0.5182,0.8352
1,57,0.002,82.4490,0.0524,0.5268,0.8366
1,58,0.002,82.6291,0.0611,0.5333,0.8357
1,59,0.002,82.8676,0.0784,0.4859,0.8343
1,60,0.002,84.1323,0.0694,0.4953,0.8335
1,61,0.002,77.2513,0.0555,0.5545,0.8451
1,62,0.002,81.7116,0.0573,0.5202,0.8371
1,63,0.002,82.9537,0.0876,0.5383,0.8322
1,64,0.002,81.5387,0.0733,0.4964,0.8370
1,65,0.002,79.8400,0.0764,0.4700,0.8411
1,66,0.002,81.2795,0.0950,0.5155,0.8396
1,67,0.002,81.3641,0.0684,0.5479,0.8348
1,68,0.002,77.2397,0.0972,0.5114,0.8444
1,69,0.002,80.9560,0.0683,0.4902,0.8398
1,70,0.002,79.7181,0.0761,0.5045,0.8404
1,71,0.002,77.8427,0.2570,0.4929,0.8438
1,72,0.002,78.1820,0.0756,0.5211,0.8439
1,73,0.002,78.7363,0.0860,0.4861,0.8417
1,74,0.002,78.9457,0.0594,0.5171,0.8417
1,75,0.002,79.0053,0.0616,0.5533,0.8417
1,76,0.002,76.9556,0.0509,0.4918,0.8459
1,77,0.002,76.6194,0.0524,0.4710,0.8493
1,78,0.002,76.2932,0.1885,0.5024,0.8494
1,79,0.002,77.8930,0.0600,0.5066,0.8451
1,80,0.002,79.5703,0.1980,0.5146,0.8429
1,81,0.002,73.9609,0.0731,0.5103,0.8518
1,82,0.002,73.1769,0.1998,0.4981,0.8555
1,83,0.002,78.4562,0.0647,0.5115,0.8431
1,84,0.002,73.9184,0.0624,0.4555,0.8511
1,85,0.002,73.5892,0.0502,0.4922,0.8526
1,86,0.002,72.2073,0.0757,0.4865,0.8553
1,87,0.002,76.3162,0.0635,0.4990,0.8470
1,88,0.002,76.9790,0.0676,0.5510,0.8461
1,89,0.002,74.3392,0.0534,0.5098,0.8541
1,90,0.002,76.8222,0.0530,0.5037,0.8467
1,91,0.002,75.6937,0.0753,0.5002,0.8483
1,92,0.002,74.1150,0.0617,0.4780,0.8525
1,93,0.002,74.2926,0.0606,0.5169,0.8520
1,94,0.002,73.5257,0.0555,0.4912,0.8534
1,95,0.002,74.5886,0.0563,0.4991,0.8507
1,96,0.002,70.7146,0.0647,0.4500,0.8587
1,97,0.002,69.8521,0.0646,0.4739,0.8602
1,98,0.002,73.4852,0.0486,0.4754,0.8537
1,99,0.002,69.4159,0.0690,0.5119,0.8624
1,100,0.002,72.9469,0.0629,0.5022,0.8537
1,101,0.002,71.6798,0.2060,0.4954,0.8570
1,102,0.002,69.0774,0.0651,0.4958,0.8614
1,103,0.002,71.6294,0.0579,0.4699,0.8567
1,104,0.002,73.7711,0.0510,0.4776,0.8507
1,105,0.002,71.3027,0.0508,0.5048,0.8566
1,106,0.002,69.7022,0.0528,0.5034,0.8615
1,107,0.002,73.5265,0.0636,0.4814,0.8507
1,108,0.002,70.7964,0.2033,0.4864,0.8595
1,109,0.002,68.1281,0.0552,0.4854,0.8625
1,110,0.002,69.7600,0.2119,0.4789,0.8584
1,111,0.002,71.0554,0.0721,0.4880,0.8556
1,112,0.002,69.4746,0.2378,0.5003,0.8613
1,113,0.002,71.5622,0.0626,0.4928,0.8561
1,114,0.002,69.7867,0.0664,0.4761,0.8605
1,115,0.002,73.0085,0.0774,0.4955,0.8534
1,116,0.002,68.6830,0.0607,0.5403,0.8637
1,117,0.002,70.0278,0.0622,0.5103,0.8595
1,118,0.002,68.6946,0.0672,0.5182,0.8626
1,119,0.002,69.8694,0.0587,0.5027,0.8586
1,120,0.002,67.1752,0.0589,0.5013,0.8639
1,121,0.002,73.0777,0.0697,0.4894,0.8537
1,122,0.002,70.4613,0.0642,0.4985,0.8597
1,123,0.002,67.7423,0.0606,0.5095,0.8640
1,124,0.002,69.9772,0.0564,0.5143,0.8585
1,125,0.002,68.7573,0.0694,0.5219,0.8643
1,126,0.002,69.8575,0.0556,0.4767,0.8618
1,127,0.002,67.6494,0.0608,0.4670,0.8641
1,128,0.002,66.5218,0.0695,0.4942,0.8656
1,129,0.002,63.8022,0.0576,0.4544,0.8710
1,130,0.002,70.5168,0.0666,0.4975,0.8598
1,131,0.002,69.9767,0.2105,0.4961,0.8609
1,132,0.002,67.3866,0.0683,0.5058,0.8663
1,133,0.002,65.8516,0.0687,0.5238,0.8672
1,134,0.002,63.3743,0.0677,0.5362,0.8732
1,135,0.002,63.4889,0.0486,0.4868,0.8728
1,136,0.002,67.3527,0.0582,0.4880,0.8652
1,137,0.002,69.5914,0.0619,0.4968,0.8603
1,138,0.002,66.6733,0.2071,0.4679,0.8665
1,139,0.002,64.2547,0.0495,0.4722,0.8716
1,140,0.002,64.5116,0.2098,0.5010,0.8700
1,141,0.002,67.1073,0.0611,0.4891,0.8651
1,142,0.002,69.0723,0.1977,0.4683,0.8599
2,0,0.002,155.9182,0.0612,0.5390,0.6977
2,1,0.002,154.3341,0.0591,0.5007,0.6981
2,2,0.002,141.3102,0.0652,0.5196,0.7224
2,3,0.002,141.2249,0.0607,0.5657,0.7256
2,4,0.002,131.2093,0.0919,0.5351,0.7455
2,5,0.002,136.0748,0.0600,0.5015,0.7359
2,6,0.002,128.3083,0.0664,0.5116,0.7519
2,7,0.002,127.6497,0.2070,0.5544,0.7543
2,8,0.002,121.9761,0.0668,0.5305,0.7615
2,9,0.002,124.4432,0.0689,0.4848,0.7518
2,10,0.002,119.9944,0.0545,0.4970,0.7656
2,11,0.002,120.6891,0.0771,0.5309,0.7613
2,12,0.002,118.9832,0.0549,0.5053,0.7645
2,13,0.002,121.5416,0.0546,0.4828,0.7625
2,14,0.002,114.7317,0.0673,0.4882,0.7751
2,15,0.002,111.5322,0.0598,0.4976,0.7782
2,16,0.002,112.6005,0.0620,0.4911,0.7760
2,17,0.002,111.1887,0.0549,0.4967,0.7781
2,18,0.002,114.5205,0.0672,0.4772,0.7716
2,19,0.002,106.6536,0.0569,0.4984,0.7908
2,20,0.002,108.7754,0.1851,0.4819,0.7866
2,21,0.002,105.1357,0.0649,0.4960,0.7908
2,22,0.002,106.8719,0.0631,0.4612,0.7910
2,23,0.002,106.4339,0.0706,0.4715,0.7906
2,24,0.002,106.2265,0.0569,0.5048,0.7897
2,25,0.002,98.7519,0.0633,0.4695,0.8051
2,26,0.002,102.8482,0.0567,0.4640,0.7940
2,27,0.002,102.7971,0.0559,0.4788,0.7959
2,28,0.002,101.1054,0.0584,0.4739,0.8014
2,29,0.002,97.4468,0.0608,0.4618,0.8072
2,30,0.002,102.9925,0.0498,0.4626,0.7960
2,31,0.002,99.0560,0.0732,0.4625,0.8039
2,32,0.002,99.0080,0.0501,0.4765,0.8043
2,33,0.002,99.1949,0.2081,0.4548,0.8025
2,34,0.002,98.1360,0.0601,0.4540,0.8039
2,35,0.002,95.0485,0.0638,0.4423,0.8117
2,36,0.002,96.7373,0.0508,0.4486,0.8078
2,37,0.002,97.6884,0.0570,0.4898,0.8064
2,38,0.002,92.4949,0.0480,0.4708,0.8175
2,39,0.002,94.2453,0.0526,0.4439,0.8118
2,40,0.002,92.9705,0.0636,0.4650,0.8164
2,41,0.002,91.9769,0.2151,0.4476,0.8176
2,42,0.002,93.9203,0.0476,0.4439,0.8137
2,43,0.002,90.7128,0.0719,0.4299,0.8222
2,44,0.002,91.8027,0.0588,0.4532,0.8184
2,45,0.002,88.7629,0.0658,0.4608,0.8251
2,46,0.002,92.6367,0.0572,0.4510,0.8168
2,47,0.002,90.1127,0.0467,0.4528,0.8223
2,48,0.002,91.6451,0.0556,0.4448,0.8185
2,49,0.002,88.5889,0.0594,0.4554,0.8233
2,50,0.002,91.3094,0.0568,0.4340,0.8195
2,51,0.002,92.1624,0.0609,0.4561,0.8146
2,52,0.002,88.7297,0.0512,0.4361,0.8220
2,53,0.002,90.6800,0.0508,0.4384,0.8191
2,54,0.002,88.3549,0.2042,0.4395,0.8269
2,55,0.002,86.4460,0.0633,0.4361,0.8279
2,56,0.002,88.1806,0.0621,0.4334,0.8242
2,57,0.002,87.7034,0.0556,0.4202,0.8261
2,58,0.002,88.1625,0.0647,0.4467,0.8258
2,59,0.002,88.5804,0.0599,0.4312,0.8241
2,60,0.002,87.7633,0.0541,0.4467,0.8269
2,61,0.002,88.5138,0.0587,0.4441,0.8239
2,62,0.002,87.2566,0.1919,0.4347,0.8264
2,63,0.002,87.6566,0.0564,0.4399,0.8250
2,64,0.002,86.3328,0.0662,0.4345,0.8278
2,65,0.002,85.5597,0.0578,0.4265,0.8294
2,66,0.002,84.3644,0.0508,0.4237,0.8323
2,67,0.002,86.1211,0.0674,0.4225,0.8288
2,68,0.002,88.2133,0.0554,0.4423,0.8259
2,69,0.002,86.6207,0.0555,0.4422,0.8275
2,70,0.002,85.6785,0.0921,0.4372,0.8303
2,71,0.002,87.0566,0.0656,0.4385,0.8269
2,72,0.002,83.5056,0.0651,0.4109,0.8342
2,73,0.002,84.8040,0.0733,0.4264,0.8320
2,74,0.002,83.2980,0.0773,0.4284,0.8355
2,75,0.002,84.0832,0.2147,0.4216,0.8312
2,76,0.002,83.7525,0.0745,0.4372,0.8340
2,77,0.002,82.0397,0.0768,0.4269,0.8359
2,78,0.002,82.8741,0.0896,0.4324,0.8357
2,79,0.002,82.7371,0.0633,0.4301,0.8357
2,80,0.002,85.9977,0.0703,0.4231,0.8292
2,81,0.002,81.8576,0.0702,0.4326,0.8337
2,82,0.002,83.0350,0.0768,0.4341,0.8333
2,83,0.002,81.5988,0.2277,0.4296,0.8360
2,84,0.002,79.6604,0.0818,0.4293,0.8403
2,85,0.002,81.1933,0.0871,0.4147,0.8378
2,86,0.002,82.7195,0.0763,0.4333,0.8348
2,87,0.002,78.5861,0.0782,0.4328,0.8415
2,88,0.002,79.1134,0.0827,0.4296,0.8406
2,89,0.002,77.2168,0.0701,0.4113,0.8462
2,90,0.002,79.5085,0.0755,0.4120,0.8400
2,91,0.002,81.7733,0.0749,0.4236,0.8371
2,92,0.002,78.5037,0.0708,0.4299,0.8437
2,93,0.002,76.9344,0.0655,0.4102,0.8463
2,94,0.002,80.6239,0.0757,0.4269,0.8411
2,95,0.002,82.3765,0.0716,0.4339,0.8375
2,96,0.002,77.1722,0.2406,0.4196,0.8444
2,97,0.002,77.1636,0.0868,0.4285,0.8450
2,98,0.002,78.1292,0.0723,0.4102,0.8449
2,99,0.002,76.4415,0.0755,0.4147,0.8477
2,100,0.002,77.9830,0.0716,0.4161,0.8442
3,0,0.002,135.2407,0.0734,0.5123,0.7321
3,1,0.002,129.3885,0.0546,0.4929,0.7420
3,2,0.002,123.7896,0.0638,0.5015,0.7561
3,3,0.002,121.3386,0.0768,0.5055,0.7607
3,4,0.002,115.8723,0.0583,0.4970,0.7682
3,5,0.002,111.4653,0.0597,0.4756,0.7801
3,6,0.002,108.6315,0.0776,0.4626,0.7843
3,7,0.002,109.0131,0.0693,0.4594,0.7830
3,8,0.002,105.8437,0.0660,0.4715,0.7900
3,9,0.002,107.5751,0.0571,0.4722,0.7857
3,10,0.002,105.6051,0.0639,0.4540,0.7874
3,11,0.002,100.7453,0.0683,0.4586,0.7976
3,12,0.002,99.1291,0.0541,0.4562,0.8028
3,13,0.002,99.6132,0.0695,0.4511,0.7975
3,14,0.002,99.0439,0.0661,0.4334,0.7984
3,15,0.002,96.6612,0.1962,0.4184,0.8069
3,16,0.002,96.5243,0.0892,0.4355,0.8085
3,17,0.002,94.7020,0.0587,0.4462,0.8085
3,18,0.002,91.6122,0.0649,0.4431,0.8151
3,19,0.002,91.8040,0.0558,0.4237,0.8158
3,20,0.002,90.4086,0.0586,0.4127,0.8183
3,21,0.002,91.3233,0.0598,0.4462,0.8181
3,22,0.002,88.4261,0.0760,0.4345,0.8214
3,23,0.002,84.4825,0.0641,0.4250,0.8299
3,24,0.002,87.2661,0.0641,0.4221,0.8244
3,25,0.002,84.2319,0.0634,0.4262,0.8310
3,26,0.002,81.0030,0.0754,0.4181,0.8366
3,27,0.002,83.9930,0.0531,0.4322,0.8302
3,28,0.002,88.7124,0.0668,0.4215,0.8200
3,29,0.002,85.8732,0.0840,0.4247,0.8260
3,30,0.002,86.0134,0.0624,0.4195,0.8284
3,31,0.002,83.6524,0.0571,0.4208,0.8314
3,32,0.002,80.1605,0.0652,0.3960,0.8382
3,33,0.002,80.4856,0.2006,0.3980,0.8377
3,34,0.002,81.5228,0.0655,0.4056,0.8324
3,35,0.002,78.9528,0.0579,0.4017,0.8395
3,36,0.002,79.6402,0.0642,0.4131,0.8395
3,37,0.002,80.1199,0.0652,0.4030,0.8373
3,38,0.002,79.9980,0.0666,0.3927,0.8340
3,39,0.002,77.8510,0.0585,0.3921,0.8428
3,40,0.002,78.4403,0.0554,0.3952,0.8420
3,41,0.002,75.1484,0.0635,0.4017,0.8476
3,42,0.002,78.3355,0.0561,0.3989,0.8413
3,43,0.002,74.7721,0.2055,0.4149,0.8478
3,44,0.002,74.2629,0.0653,0.4064,0.8493
3,45,0.002,79.6848,0.0569,0.4167,0.8376
3,46,0.002,76.5808,0.0576,0.3761,0.8443
3,47,0.002,74.0577,0.0589,0.3909,0.8502
3,48,0.002,75.0387,0.0601,0.3992,0.8472
3,49,0.002,76.0491,0.0568,0.3956,0.8449
3,50,0.002,73.0900,0.0588,0.3857,0.8529
3,51,0.002,75.4337,0.0639,0.3998,0.8478
3,52,0.002,75.2391,0.0577,0.3946,0.8457
3,53,0.002,74.0603,0.2363,0.3903,0.8502
3,54,0.002,76.7382,0.0566,0.3808,0.8455
3,55,0.002,72.3029,0.0561,0.3953,0.8553
3,56,0.002,70.5142,0.0518,0.3893,0.8548
3,57,0.002,73.7827,0.0721,0.3930,0.8508
3,58,0.002,69.8883,0.0750,0.3894,0.8578
3,59,0.002,73.6277,0.0600,0.3862,0.8487
3,60,0.002,72.8372,0.0671,0.3929,0.8545
3,61,0.002,70.0851,0.0678,0.3919,0.8556
3,62,0.002,72.3347,0.0617,0.3937,0.8520
3,63,0.002,72.2829,0.2144,0.3851,0.8539
3,64,0.002,70.7387,0.0685,0.3715,0.8584
3,65,0.002,72.4642,0.0570,0.3777,0.8540
3,66,0.002,70.2384,0.0912,0.3844,0.8558
3,67,0.002,72.9032,0.0720,0.3732,0.8511
3,68,0.002,67.2877,0.0626,0.3793,0.8630
3,69,0.002,72.3499,0.0488,0.3857,0.8529
3,70,0.002,71.9724,0.0632,0.3933,0.8534
3,71,0.002,69.0584,0.0843,0.3812,0.8585
3,72,0.002,69.1946,0.0598,0.3794,0.8568
3,73,0.002,69.1163,0.2069,0.3704,0.8589
3,74,0.002,69.1141,0.0524,0.3748,0.8583
3,75,0.002,68.5993,0.0533,0.3779,0.8611
3,76,0.002,67.7991,0.0555,0.3799,0.8601
3,77,0.002,66.9035,0.0576,0.3730,0.8649
3,78,0.002,67.8066,0.0559,0.3678,0.8641
3,79,0.002,67.3606,0.0519,0.3536,0.8611
3,80,0.002,68.7355,0.0541,0.3695,0.8613
3,81,0.002,67.2143,0.0638,0.3625,0.8612
3,82,0.002,65.4138,0.0576,0.3684,0.8697
3,83,0.002,69.2779,0.1838,0.3796,0.8599
3,84,0.002,66.7069,0.0534,0.3585,0.8648
3,85,0.002,66.8452,0.0522,0.3666,0.8643
3,86,0.002,68.1003,0.0725,0.3801,0.8635
3,87,0.002,65.2783,0.0580,0.3694,0.8681
3,88,0.002,68.3516,0.0698,0.3805,0.8594
3,89,0.002,63.6084,0.0678,0.3604,0.8703
3,90,0.002,65.1109,0.0622,0.3723,0.8673
3,91,0.002,66.3635,0.0566,0.3587,0.8631
3,92,0.002,63.6203,0.0554,0.3620,0.8710
3,93,0.002,66.8512,0.2337,0.3768,0.8627
3,94,0.002,65.8533,0.0597,0.3551,0.8638
3,95,0.002,63.6905,0.0529,0.3634,0.8698
3,96,0.002,66.9298,0.0484,0.3741,0.8634
3,97,0.002,67.6328,0.0540,0.3739,0.8622
3,98,0.002,65.2697,0.0529,0.3545,0.8645
3,99,0.002,61.3171,0.0562,0.3537,0.8756
3,100,0.002,62.2802,0.0540,0.3715,0.8717
3,101,0.002,62.7521,0.0545,0.3776,0.8725
3,102,0.002,63.3481,0.0543,0.3848,0.8716
3,103,0.002,65.5933,0.2205,0.3683,0.8641
3,104,0.002,65.0702,0.0570,0.3586,0.8686
3,105,0.002,62.4860,0.0488,0.3584,0.8735
3,106,0.002,65.0456,0.0485,0.3552,0.8686
3,107,0.002,63.1242,0.0523,0.3500,0.8732
3,108,0.002,62.7611,0.0629,0.3455,0.8733
3,109,0.002,61.6351,0.0465,0.3528,0.8745
3,110,0.002,65.5254,0.0494,0.3687,0.8653
3,111,0.002,62.9590,0.0613,0.3503,0.8708
3,112,0.002,61.7922,0.0466,0.3435,0.8736
3,113,0.002,64.4543,0.1931,0.3555,0.8671
3,114,0.002,62.9032,0.0637,0.3718,0.8706
3,115,0.002,61.1373,0.0540,0.3542,0.8740
3,116,0.002,60.3724,0.0553,0.3548,0.8761
3,117,0.002,58.9204,0.0455,0.3522,0.8795
3,118,0.002,61.4796,0.0530,0.3557,0.8735
3,119,0.002,59.2246,0.0481,0.3475,0.8803
3,120,0.002,61.3161,0.0590,0.3513,0.8760
3,121,0.002,62.4337,0.0566,0.3535,0.8740
3,122,0.002,62.5810,0.0541,0.3609,0.8715
3,123,0.002,64.7642,0.1930,0.3635,0.8661
3,124,0.002,59.9342,0.0551,0.3565,0.8781
3,125,0.002,59.3797,0.0535,0.3730,0.8785
3,126,0.002,60.4172,0.0556,0.3583,0.8777
3,127,0.002,60.5560,0.0601,0.3443,0.8790
3,128,0.002,60.2602,0.0643,0.3572,0.8755
3,129,0.002,61.4700,0.0559,0.3724,0.8735
3,130,0.002,60.3640,0.0624,0.3582,0.8775
3,131,0.002,60.7503,0.0701,0.3684,0.8759
3,132,0.002,61.9998,0.0802,0.3558,0.8728
3,133,0.002,59.0019,0.2428,0.3509,0.8787
3,134,0.002,59.3046,0.0601,0.3529,0.8772
3,135,0.002,58.6160,0.0764,0.3572,0.8829
3,136,0.002,61.0201,0.0596,0.3433,0.8756
3,137,0.002,58.1881,0.0886,0.3595,0.8819
3,138,0.002,58.9331,0.0815,0.3364,0.8795
3,139,0.001,58.8547,0.0738,0.3587,0.8792
3,140,0.001,60.7250,0.0680,0.3446,0.8757
3,141,0.001,57.0268,0.0943,0.3412,0.8829
3,142,0.001,58.3012,0.0819,0.3540,0.8814
3,143,0.001,60.9706,0.2271,0.3630,0.8746
3,144,0.001,58.7299,0.0744,0.3683,0.8800
3,145,0.001,58.9249,0.0663,0.3576,0.8773
3,146,0.001,57.1852,0.0687,0.3496,0.8837
3,147,0.001,56.4810,0.0849,0.3449,0.8852
3,148,0.001,60.4732,0.0829,0.3350,0.8774
3,149,0.001,56.0907,0.0751,0.3500,0.8859
3,150,0.001,58.5920,0.0602,0.3536,0.8810
3,151,0.001,57.0287,0.0782,0.3456,0.8836
3,152,0.001,57.3790,0.0865,0.3444,0.8830
3,153,0.001,55.7963,0.2476,0.3285,0.8858
3,154,0.001,55.6581,0.0936,0.3265,0.8863
3,155,0.001,57.6592,0.0709,0.3271,0.8818
3,156,0.001,56.4812,0.0802,0.3430,0.8852
3,157,0.001,57.0950,0.0716,0.3415,0.8826
3,158,0.001,56.7673,0.0732,0.3436,0.8847
3,159,0.001,57.8764,0.0774,0.3417,0.8811
3,160,0.001,58.1114,0.0833,0.3502,0.8817
3,161,0.001,56.4031,0.0640,0.3366,0.8854
3,162,0.001,55.8291,0.0792,0.3404,0.8844
3,163,0.001,57.5893,0.2674,0.3483,0.8811
3,164,0.001,55.7545,0.0769,0.3405,0.8860
3,165,0.001,58.5128,0.0783,0.3494,0.8798
3,166,0.001,55.4451,0.0703,0.3380,0.8871
3,167,0.001,58.6494,0.0708,0.3575,0.8801
3,168,0.001,55.5848,0.0628,0.3364,0.8867
3,169,0.001,58.7232,0.0621,0.3416,0.8800
3,170,0.001,55.2357,0.0666,0.3547,0.8863
3,171,0.001,57.8432,0.0886,0.3381,0.8808
3,172,0.001,58.0022,0.0716,0.3464,0.8813
3,173,0.001,56.3543,0.2379,0.3374,0.8852
3,174,0.001,56.9679,0.0627,0.3348,0.8855
3,175,0.0005,58.9688,0.0649,0.3318,0.8798
3,176,0.0005,57.2167,0.0810,0.3346,0.8816
3,177,0.0005,57.1916,0.0549,0.3460,0.8861
3,178,0.0005,55.0795,0.0526,0.3452,0.8872
3,179,0.0005,55.4292,0.0729,0.3549,0.8862
3,180,0.0005,57.3899,0.0660,0.3447,0.8825
3,181,0.0005,57.3193,0.0459,0.3392,0.8834
3,182,0.0005,55.6841,0.0683,0.3467,0.8872
3,183,0.0005,56.4964,0.2084,0.3544,0.8842
3,184,0.0005,55.0276,0.0464,0.3367,0.8881
3,185,0.0005,58.4224,0.0777,0.3514,0.8812
3,186,0.0005,55.9541,0.0678,0.3349,0.8844
3,187,0.0005,56.5763,0.0732,0.3393,0.8846
3,188,0.0005,56.0905,0.0479,0.3421,0.8861
3,189,0.0005,56.4499,0.0490,0.3455,0.8852
3,190,0.0005,55.0309,0.0637,0.3326,0.8875
3,191,0.0005,53.4715,0.0489,0.3353,0.8919
3,192,0.0005,55.9786,0.0537,0.3534,0.8862
3,193,0.0005,55.2145,0.2160,0.3571,0.8875
4,0,0.002,122.2775,0.0662,0.5592,0.7584
4,1,0.002,115.9322,0.0596,0.5108,0.7714
4,2,0.002,113.6164,0.0588,0.5405,0.7703
4,3,0.002,117.0617,0.0535,0.5155,0.7659
4,4,0.002,108.3889,0.2192,0.5301,0.7823
4,5,0.002,109.3662,0.0655,0.5161,0.7807
4,6,0.002,104.3795,0.0658,0.4754,0.7913
4,7,0.002,102.5335,0.0750,0.5135,0.7925
4,8,0.002,99.2666,0.2558,0.4912,0.7992
4,9,0.002,105.0550,0.0662,0.4858,0.7877
4,10,0.002,93.8769,0.0745,0.4856,0.8099
4,11,0.002,100.0459,0.0602,0.4831,0.7966
4,12,0.002,94.3776,0.1094,0.4889,0.8066
4,13,0.002,94.0493,0.0961,0.4568,0.8047
4,14,0.002,93.6124,0.0710,0.4772,0.8081
4,15,0.002,92.6194,0.0934,0.4600,0.8103
4,16,0.002,90.6113,0.0620,0.4692,0.8146
4,17,0.002,94.1216,0.0719,0.4563,0.8068
4,18,0.002,87.4563,0.0555,0.4448,0.8225
4,19,0.002,87.9501,0.0485,0.4902,0.8194
4,20,0.002,85.3711,0.0623,0.4814,0.8236
4,21,0.002,88.8705,0.0697,0.4872,0.8179
4,22,0.002,87.5507,0.0718,0.4368,0.8216
4,23,0.002,87.0372,0.0682,0.4599,0.8230
4,24,0.002,87.2779,0.0728,0.4652,0.8237
4,25,0.002,88.5899,0.0567,0.4408,0.8183
4,26,0.002,82.1134,0.0542,0.4842,0.8324
4,27,0.002,83.6736,0.0577,0.4893,0.8282
4,28,0.002,82.2456,0.0817,0.4698,0.8320
4,29,0.002,82.7827,0.0582,0.4599,0.8311
4,30,0.002,85.5184,0.0582,0.4654,0.8238
4,31,0.002,84.2518,0.0843,0.4534,0.8276
4,32,0.002,83.1331,0.0496,0.4623,0.8293
4,33,0.002,78.7744,0.0652,0.4488,0.8380
4,34,0.002,79.4392,0.0523,0.4616,0.8383
4,35,0.002,81.6136,0.0694,0.4877,0.8351
4,36,0.002,79.7133,0.0657,0.4287,0.8370
4,37,0.002,79.2304,0.0471,0.4263,0.8370
4,38,0.002,79.5939,0.0477,0.4243,0.8369
4,39,0.002,82.5351,0.0594,0.4686,0.8301
4,40,0.002,79.6089,0.0555,0.4582,0.8362
4,41,0.002,79.1954,0.0484,0.4591,0.8366
4,42,0.002,77.2202,0.0578,0.4535,0.8420
4,43,0.002,78.7030,0.0661,0.4459,0.8355
4,44,0.002,75.4054,0.0718,0.4380,0.8434
4,45,0.002,77.5302,0.0479,0.4489,0.8405
4,46,0.002,75.5263,0.0655,0.4699,0.8445
4,47,0.002,73.8057,0.0654,0.4395,0.8470
4,48,0.002,75.0157,0.0568,0.4438,0.8451
4,49,0.002,75.7423,0.0678,0.4275,0.8446
4,50,0.002,76.4993,0.0630,0.4716,0.8426
4,51,0.002,74.3517,0.0579,0.4474,0.8480
4,52,0.002,72.7709,0.0528,0.4207,0.8523
4,53,0.002,75.1371,0.0520,0.4410,0.8464
4,54,0.002,71.4439,0.0627,0.4374,0.8534
4,55,0.002,74.1162,0.0601,0.4266,0.8451
4,56,0.002,74.2368,0.0601,0.4385,0.8479
4,57,0.002,69.9074,0.0633,0.4360,0.8558
4,58,0.002,73.9625,0.0569,0.4359,0.8477
4,59,0.002,70.6099,0.0571,0.4186,0.8538
4,60,0.002,72.6504,0.0487,0.4350,0.8522
4,61,0.002,73.7346,0.0748,0.4276,0.8472
4,62,0.002,73.4991,0.0615,0.4201,0.8485
4,63,0.002,70.4201,0.0607,0.4338,0.8551
4,64,0.002,72.3694,0.0533,0.4405,0.8514
4,65,0.002,71.9026,0.0762,0.4545,0.8513
4,66,0.002,71.7245,0.0734,0.4488,0.8524
4,67,0.002,70.8505,0.0774,0.4417,0.8559
4,68,0.002,70.9180,0.0559,0.4158,0.8527
4,69,0.002,71.2399,0.2210,0.4023,0.8525
4,70,0.002,71.2152,0.0623,0.4118,0.8534
4,71,0.002,72.7107,0.0529,0.4179,0.8481
4,72,0.002,69.0613,0.0597,0.4239,0.8569
4,73,0.002,71.8972,0.2101,0.4285,0.8510
4,74,0.002,68.9401,0.0690,0.4321,0.8600
4,75,0.002,67.9295,0.0695,0.4212,0.8592
4,76,0.002,70.0542,0.0782,0.4090,0.8567
4,77,0.002,68.4324,0.0611,0.4197,0.8572
4,78,0.002,69.1896,0.0490,0.4502,0.8586
4,79,0.002,70.1100,0.0653,0.4082,0.8547
4,80,0.002,71.4801,0.0606,0.4070,0.8503
4,81,0.002,66.3089,0.0486,0.4340,0.8640
4,82,0.002,68.7729,0.0541,0.4368,0.8586
4,83,0.002,69.2877,0.0651,0.4199,0.8563
4,84,0.002,68.0350,0.0671,0.4150,0.8582
4,85,0.002,67.4816,0.0725,0.3970,0.8607
4,86,0.002,69.0678,0.0648,0.4234,0.8589
4,87,0.002,64.4199,0.0735,0.4162,0.8675
4,88,0.002,68.6967,0.0543,0.4128,0.8583
4,89,0.002,67.4122,0.0795,0.3952,0.8597
4,90,0.002,68.4185,0.0861,0.4263,0.8585
4,91,0.002,66.7350,0.0846,0.4230,0.8649
4,92,0.002,66.9426,0.0848,0.4371,0.8627
4,93,0.002,67.3807,0.0983,0.3939,0.8619
4,94,0.002,67.9350,0.0706,0.4036,0.8624
4,95,0.002,65.3774,0.0883,0.4328,0.8665
4,96,0.002,67.5682,0.1042,0.4082,0.8600
4,97,0.002,66.3474,0.0829,0.3815,0.8639
4,98,0.002,64.2011,0.0775,0.3830,0.8699
4,99,0.002,66.6635,0.0929,0.4168,0.8640
4,100,0.002,64.6934,0.0579,0.4148,0.8680
4,101,0.002,65.0696,0.0608,0.4020,0.8647
4,102,0.002,66.6518,0.0743,0.4243,0.8624
4,103,0.002,62.4490,0.0649,0.3941,0.8702
4,104,0.002,63.0361,0.0770,0.4315,0.8698
4,105,0.002,64.5578,0.0933,0.3943,0.8670
4,106,0.002,64.6944,0.0517,0.4078,0.8655
4,107,0.002,66.8617,0.0693,0.3886,0.8643
4,108,0.002,65.1047,0.0856,0.3927,0.8663
4,109,0.002,64.4804,0.0748,0.4208,0.8675
4,110,0.002,63.1081,0.0787,0.4358,0.8706
4,111,0.002,63.2796,0.0951,0.4019,0.8671
4,112,0.002,68.9510,0.0710,0.3935,0.8557
4,113,0.002,67.2340,0.0657,0.4328,0.8628
4,114,0.002,65.0154,0.0782,0.4030,0.8644
4,115,0.002,65.2489,0.0748,0.3896,0.8664
4,116,0.002,64.0684,0.0831,0.4065,0.8687
4,117,0.002,65.1286,0.0768,0.4230,0.8653
4,118,0.002,63.9355,0.0677,0.3948,0.8679
4,119,0.002,62.9588,0.0619,0.4107,0.8692
4,120,0.002,63.5043,0.2246,0.4104,0.8676
4,121,0.002,60.7463,0.0706,0.4126,0.8753
4,122,0.002,66.1085,0.0875,0.4118,0.8649
4,123,0.002,64.6955,0.0748,0.3948,0.8647
4,124,0.002,62.7899,0.2304,0.4025,0.8695
4,125,0.002,66.3935,0.0758,0.4223,0.8618
4,126,0.002,63.6504,0.0632,0.4131,0.8686
4,127,0.002,61.6978,0.0672,0.3866,0.8728
4,128,0.002,63.1147,0.0667,0.3832,0.8689
4,129,0.002,62.0147,0.0921,0.4113,0.8692
4,130,0.002,60.0310,0.0813,0.3886,0.8762
4,131,0.002,61.3696,0.0841,0.3848,0.8733
4,132,0.002,61.3179,0.0725,0.3870,0.8731
4,133,0.002,61.3264,0.0666,0.3998,0.8726
4,134,0.002,62.8117,0.0868,0.3768,0.8696
4,135,0.002,64.8214,0.0730,0.4193,0.8671
4,136,0.002,61.6292,0.0729,0.3969,0.8711
4,137,0.002,59.4086,0.0656,0.4255,0.8783
4,138,0.002,61.0563,0.0874,0.4097,0.8756
4,139,0.002,59.8611,0.0772,0.3782,0.8754
4,140,0.002,61.5546,0.0610,0.3856,0.8724
4,141,0.002,60.8705,0.0818,0.4127,0.8744
4,142,0.002,61.9253,0.0645,0.4133,0.8724
4,143,0.002,62.1139,0.0688,0.4123,0.8708
4,144,0.002,59.5251,0.0647,0.4021,0.8780
4,145,0.002,62.6680,0.0701,0.3839,0.8716
4,146,0.002,60.6385,0.0891,0.3967,0.8756
4,147,0.002,60.3004,0.0781,0.4135,0.8739
4,148,0.002,60.2588,0.0630,0.4220,0.8734
4,149,0.002,63.9837,0.0592,0.3862,0.8686
4,150,0.002,59.7321,0.0739,0.4212,0.8771
4,151,0.002,58.9142,0.0581,0.3935,0.8767
4,152,0.002,62.4716,0.0697,0.4370,0.8703
4,153,0.002,60.9392,0.0685,0.4340,0.8727
5,0,0.002,138.1579,0.0555,0.3620,0.7259
5,1,0.002,134.1908,0.0522,0.3469,0.7329
5,2,0.002,122.9261,0.0634,0.3455,0.7554
5,3,0.002,123.6184,0.0751,0.3647,0.7533
5,4,0.002,118.4932,0.0560,0.3507,0.7639
5,5,0.002,116.3420,0.0635,0.3433,0.7688
5,6,0.002,113.4165,0.0591,0.3471,0.7733
5,7,0.002,112.3213,0.0645,0.3909,0.7788
5,8,0.002,105.3152,0.0669,0.3731,0.7909
5,9,0.002,108.2345,0.0626,0.3583,0.7835
5,10,0.002,101.4246,0.0670,0.3526,0.7962
5,11,0.002,106.0292,0.0572,0.3614,0.7883
5,12,0.002,98.8400,0.0614,0.3563,0.8039
5,13,0.002,101.5232,0.0836,0.3522,0.8003
5,14,0.002,100.1177,0.0800,0.3570,0.8012
5,15,0.002,100.9135,0.0790,0.3385,0.7983
5,16,0.002,94.7014,0.0554,0.3598,0.8111
5,17,0.002,94.8217,0.0538,0.3409,0.8100
5,18,0.002,96.2630,0.1878,0.3378,0.8117
5,19,0.002,97.4969,0.0675,0.3400,0.8072
5,20,0.002,90.5743,0.0654,0.3407,0.8211
5,21,0.002,94.3563,0.0543,0.3512,0.8116
5,22,0.002,89.7937,0.0863,0.3408,0.8199
5,23,0.002,89.2885,0.0614,0.3219,0.8213
5,24,0.002,89.5178,0.0529,0.3344,0.8233
5,25,0.002,95.1431,0.0739,0.3353,0.8127
5,26,0.002,89.3691,0.0515,0.3429,0.8215
5,27,0.002,91.7758,0.0519,0.3247,0.8171
5,28,0.002,91.7919,0.0608,0.3338,0.8150
5,29,0.002,87.5994,0.0516,0.3364,0.8262
5,30,0.002,82.9564,0.0619,0.3329,0.8348
5,31,0.002,86.0474,0.0555,0.3426,0.8285
5,32,0.002,84.6478,0.0636,0.3289,0.8323
5,33,0.002,87.9297,0.0585,0.3204,0.8253
5,34,0.002,84.2844,0.0600,0.3275,0.8323
5,35,0.002,85.5499,0.0820,0.3205,0.8272
5,36,0.002,85.5560,0.0890,0.3375,0.8291
5,37,0.002,85.3849,0.0560,0.3202,0.8294
5,38,0.002,86.7802,0.0547,0.3235,0.8265
5,39,0.002,85.8790,0.0631,0.3253,0.8301
5,40,0.002,81.5542,0.0618,0.3043,0.8379
5,41,0.002,80.6515,0.0583,0.3233,0.8402
5,42,0.002,79.0040,0.0599,0.3202,0.8435
5,43,0.002,83.4170,0.0593,0.3242,0.8336
5,44,0.002,83.7502,0.0733,0.3136,0.8347
5,45,0.002,80.5405,0.0686,0.3131,0.8395
5,46,0.002,79.2664,0.0529,0.3157,0.8400
5,47,0.002,78.2844,0.0586,0.3267,0.8437
5,48,0.002,78.2610,0.1137,0.3172,0.8443
5,49,0.002,80.3838,0.0876,0.3061,0.8398
5,50,0.002,83.3630,0.0545,0.3159,0.8356
5,51,0.002,80.7394,0.0612,0.3104,0.8376
5,52,0.002,79.0332,0.0590,0.3232,0.8420
5,53,0.002,77.5849,0.0537,0.3399,0.8457
5,54,0.002,78.0898,0.0561,0.3111,0.8443
5,55,0.002,79.0238,0.0657,0.3296,0.8414
5,56,0.002,74.5479,0.0528,0.3183,0.8513
5,57,0.002,81.3130,0.0918,0.3232,0.8372
5,58,0.002,76.5379,0.0570,0.3104,0.8475
5,59,0.002,75.6579,0.0794,0.3132,0.8503
5,60,0.002,77.5004,0.0838,0.3135,0.8460
5,61,0.002,77.3301,0.0572,0.3065,0.8454
5,62,0.002,75.2307,0.0549,0.3051,0.8508
5,63,0.002,76.7894,0.0695,0.3175,0.8471
5,64,0.002,76.6079,0.0543,0.3101,0.8454
5,65,0.002,78.5595,0.0747,0.3151,0.8440
5,66,0.002,74.7340,0.0637,0.3160,0.8521
5,67,0.002,75.0422,0.0532,0.3170,0.8509
5,68,0.002,76.1048,0.0502,0.3271,0.8485
5,69,0.002,72.2873,0.0669,0.3179,0.8556
5,70,0.002,74.7692,0.0748,0.3097,0.8521
5,71,0.002,72.5608,0.0606,0.3055,0.8556
5,72,0.002,74.3836,0.0726,0.3070,0.8511
5,73,0.002,73.3500,0.0639,0.3034,0.8551
5,74,0.002,74.0607,0.0595,0.3052,0.8531
5,75,0.002,77.7681,0.0560,0.3128,0.8452
5,76,0.002,72.7495,0.0637,0.2986,0.8546
5,77,0.002,74.0194,0.0519,0.3061,0.8517
5,78,0.002,72.2089,0.0541,0.2849,0.8560
5,79,0.002,73.9812,0.0770,0.2982,0.8528
5,80,0.002,72.6657,0.0507,0.3090,0.8539
5,81,0.002,71.5806,0.0539,0.3123,0.8583
5,82,0.002,72.8179,0.0737,0.2976,0.8542
5,83,0.002,76.2307,0.0666,0.3120,0.8469
5,84,0.002,73.4927,0.0776,0.3044,0.8542
5,85,0.002,75.4877,0.0555,0.3118,0.8506
5,86,0.002,73.6958,0.0521,0.3194,0.8532
5,87,0.002,71.3198,0.0564,0.3045,0.8576
5,88,0.002,73.3992,0.0552,0.3010,0.8562
5,89,0.002,74.4084,0.0649,0.3109,0.8491
5,90,0.002,72.7496,0.0516,0.3132,0.8532
5,91,0.001,71.5055,0.0549,0.3046,0.8577
5,92,0.001,73.4485,0.0735,0.3017,0.8520
5,93,0.001,70.6575,0.0636,0.3009,0.8597
5,94,0.001,69.8532,0.0519,0.2954,0.8616
5,95,0.001,71.1980,0.0540,0.3041,0.8584
5,96,0.001,69.6405,0.0730,0.3060,0.8622
5,97,0.001,72.3761,0.0663,0.3081,0.8557
5,98,0.001,72.9881,0.0625,0.2998,0.8542
5,99,0.001,71.1815,0.0539,0.3018,0.8596
5,100,0.001,70.1809,0.0626,0.3087,0.8610
5,101,0.001,70.1526,0.0684,0.2912,0.8603
5,102,0.001,74.1658,0.0591,0.3059,0.8520
5,103,0.001,70.3400,0.0627,0.3162,0.8602
5,104,0.001,70.3157,0.0754,0.3019,0.8588
5,105,0.001,68.0040,0.0624,0.2961,0.8652
5,106,0.001,71.2933,0.0631,0.2969,0.8575
5,107,0.001,67.9594,0.0566,0.3081,0.8647
5,108,0.001,70.0093,0.0544,0.3083,0.8626
5,109,0.001,70.4023,0.0685,0.2978,0.8592
5,110,0.001,69.1172,0.0585,0.3016,0.8643
5,111,0.001,72.3880,0.0635,0.2986,0.8556
5,112,0.001,68.5406,0.0721,0.3004,0.8625
5,113,0.001,67.0416,0.0719,0.2807,0.8653
5,114,0.001,68.5011,0.0499,0.2935,0.8635
5,115,0.001,68.3671,0.0506,0.3027,0.8650
5,116,0.001,70.6971,0.0510,0.3013,0.8591
5,117,0.001,69.0441,0.0607,0.3059,0.8633
5,118,0.001,69.9863,0.0544,0.2845,0.8594
5,119,0.001,68.4899,0.0473,0.2886,0.8632
5,120,0.001,70.8141,0.0569,0.2910,0.8584
5,121,0.001,68.7600,0.0482,0.3014,0.8631
5,122,0.001,68.9826,0.0601,0.2927,0.8628
5,123,0.001,67.2055,0.0557,0.2892,0.8673
5,124,0.001,67.0613,0.0572,0.2915,0.8676
5,125,0.001,65.6794,0.0708,0.3018,0.8700
5,126,0.001,68.7058,0.0672,0.3037,0.8624
5,127,0.001,68.9923,0.0485,0.2962,0.8622
5,128,0.001,67.5416,0.0538,0.2905,0.8656
5,129,0.001,67.5007,0.0472,0.2854,0.8670
5,130,0.001,68.8682,0.0511,0.3127,0.8625
5,131,0.001,67.0027,0.0533,0.2791,0.8667
5,132,0.001,69.2358,0.0582,0.2908,0.8628
5,133,0.001,67.1834,0.0486,0.2957,0.8675
5,134,0.001,67.0880,0.0511,0.3068,0.8675
6,0,0.002,129.6504,0.0716,0.3580,0.7371
6,1,0.002,128.1314,0.0829,0.3599,0.7423
6,2,0.002,126.0106,0.0700,0.3537,0.7468
6,3,0.002,117.3445,0.0885,0.3573,0.7641
6,4,0.002,118.7329,0.0956,0.3440,0.7646
6,5,0.002,116.0859,0.0923,0.3387,0.7676
6,6,0.002,115.4706,0.0684,0.3403,0.7678
6,7,0.002,118.2189,0.0895,0.3446,0.7630
6,8,0.002,112.3894,0.0825,0.3407,0.7747
6,9,0.002,109.5508,0.0771,0.3406,0.7782
6,10,0.002,112.3916,0.0896,0.3557,0.7750
6,11,0.002,106.8688,0.0947,0.3285,0.7846
6,12,0.002,105.0636,0.0996,0.3306,0.7899
6,13,0.002,104.0616,0.0818,0.3360,0.7909
6,14,0.002,102.7449,0.0711,0.3330,0.7935
6,15,0.002,102.7892,0.0823,0.3171,0.7931
6,16,0.002,100.5857,0.0623,0.3249,0.7980
6,17,0.002,100.4477,0.0618,0.3280,0.7988
6,18,0.002,99.1294,0.0589,0.3326,0.7992
6,19,0.002,103.6548,0.0691,0.3386,0.7902
6,20,0.002,97.2215,0.0641,0.3302,0.8033
6,21,0.002,100.3880,0.1007,0.3128,0.7959
6,22,0.002,101.6072,0.0646,0.3301,0.7960
6,23,0.002,98.0704,0.0661,0.3248,0.8041
6,24,0.002,99.8231,0.0737,0.3169,0.7967
6,25,0.002,97.0497,0.0713,0.3126,0.8043
6,26,0.002,91.7356,0.0629,0.3145,0.8164
6,27,0.002,94.6472,0.0884,0.3309,0.8095
6,28,0.002,95.9742,0.0726,0.3204,0.8041
6,29,0.002,95.7263,0.0863,0.3130,0.8068
6,30,0.002,95.1826,0.0823,0.3298,0.8083
6,31,0.002,93.0520,0.0672,0.3200,0.8123
6,32,0.002,96.2552,0.0943,0.3464,0.8075
6,33,0.002,91.3394,0.0889,0.3204,0.8149
6,34,0.002,91.8574,0.0903,0.3209,0.8135
6,35,0.002,90.0101,0.0729,0.3038,0.8183
6,36,0.002,88.0884,0.0647,0.3128,0.8229
6,37,0.002,91.5226,0.0640,0.3184,0.8170
6,38,0.002,92.2997,0.0896,0.3179,0.8128
6,39,0.002,87.9079,0.0636,0.3073,0.8244
6,40,0.002,86.5422,0.0692,0.3135,0.8256
6,41,0.002,87.4481,0.0676,0.3136,0.8241
6,42,0.002,89.7441,0.0662,0.3125,0.8187
6,43,0.002,91.6378,0.0769,0.3170,0.8131
6,44,0.002,87.8243,0.0562,0.3026,0.8212
6,45,0.002,89.2693,0.0663,0.3089,0.8175
6,46,0.002,87.6614,0.0642,0.3239,0.8239
6,47,0.002,86.4464,0.0740,0.2989,0.8257
6,48,0.002,89.7733,0.0687,0.3111,0.8160
6,49,0.002,86.9021,0.0812,0.3097,0.8250
6,50,0.002,85.5447,0.0775,0.2964,0.8272
6,51,0.002,86.1358,0.0724,0.3139,0.8271
6,52,0.002,89.7047,0.0649,0.3005,0.8177
6,53,0.002,84.8515,0.0720,0.3154,0.8290
6,54,0.002,84.4562,0.0762,0.3122,0.8290
6,55,0.002,83.6814,0.0827,0.3020,0.8284
6,56,0.002,82.5762,0.0771,0.3026,0.8347
6,57,0.002,82.7993,0.0609,0.3038,0.8322
6,58,0.002,80.5633,0.0897,0.3030,0.8372
6,59,0.002,83.0240,0.0881,0.3070,0.8332
6,60,0.002,81.0446,0.0781,0.2990,0.8382
6,61,0.002,81.5028,0.0773,0.2994,0.8342
6,62,0.002,83.0892,0.0643,0.3043,0.8330
6,63,0.002,82.9486,0.0857,0.3108,0.8325
6,64,0.002,81.2586,0.0707,0.2969,0.8348
6,65,0.002,81.7371,0.0621,0.3041,0.8345
6,66,0.002,79.2677,0.0882,0.2948,0.8399
6,67,0.002,82.9024,0.0594,0.3007,0.8344
6,68,0.002,79.5843,0.0871,0.3004,0.8378
6,69,0.002,79.3785,0.0732,0.2993,0.8405
6,70,0.002,80.0174,0.0727,0.3002,0.8388
6,71,0.002,79.0828,0.0827,0.2980,0.8409
6,72,0.002,77.5609,0.0862,0.2940,0.8414
6,73,0.002,79.8541,0.0664,0.2975,0.8361
6,74,0.002,79.7281,0.0615,0.2908,0.8402
6,75,0.002,80.7262,0.0544,0.3012,0.8357
6,76,0.002,77.9001,0.0636,0.3002,0.8430
6,77,0.002,78.8323,0.0578,0.2894,0.8377
6,78,0.002,81.8402,0.0771,0.2964,0.8335
6,79,0.002,76.7470,0.0730,0.2909,0.8451
6,80,0.002,77.3404,0.0625,0.2812,0.8449
6,81,0.002,79.8812,0.0744,0.2983,0.8380
6,82,0.002,76.9153,0.0852,0.2936,0.8461
6,83,0.002,78.2240,0.0697,0.2947,0.8415
6,84,0.002,80.3971,0.0862,0.2945,0.8368
6,85,0.002,78.5166,0.0674,0.2951,0.8412
6,86,0.002,75.0539,0.0920,0.2915,0.8490
6,87,0.002,75.6233,0.0735,0.2913,0.8483
6,88,0.002,75.3202,0.0726,0.2958,0.8484
6,89,0.002,77.1158,0.0667,0.2998,0.8439
6,90,0.002,76.0096,0.0657,0.2906,0.8454
6,91,0.002,76.6912,0.0939,0.2940,0.8466
6,92,0.002,75.6529,0.0710,0.2983,0.8469
6,93,0.002,73.4871,0.0860,0.2904,0.8525
6,94,0.002,77.3045,0.0681,0.2903,0.8418
6,95,0.002,74.0803,0.0636,0.2818,0.8493
6,96,0.002,75.9769,0.0869,0.2889,0.8474
6,97,0.002,74.2613,0.0879,0.2902,0.8509
6,98,0.002,71.3861,0.0843,0.3015,0.8563
6,99,0.002,75.1694,0.0861,0.3004,0.8484
6,100,0.002,75.7750,0.0640,0.3019,0.8459
7,0,0.002,150.6102,0.0742,0.4204,0.7080
7,1,0.002,150.1242,0.0932,0.3890,0.7112
7,2,0.002,141.1216,0.0818,0.3978,0.7246
7,3,0.002,133.2678,0.1028,0.3886,0.7408
7,4,0.002,131.9391,0.0905,0.4009,0.7401
7,5,0.002,134.1272,0.0625,0.3986,0.7370
7,6,0.002,132.0377,0.0579,0.4221,0.7379
7,7,0.002,126.1017,0.0679,0.3832,0.7517
7,8,0.002,126.6521,0.2402,0.3949,0.7516
7,9,0.002,122.9726,0.0849,0.3928,0.7577
7,10,0.002,117.5980,0.0817,0.3841,0.7707
7,11,0.002,115.5496,0.0839,0.3819,0.7728
7,12,0.002,116.5498,0.0707,0.3686,0.7697
7,13,0.002,116.8336,0.0887,0.3858,0.7683
7,14,0.002,116.7749,0.0639,0.3877,0.7694
7,15,0.002,115.9051,0.0757,0.3832,0.7716
7,16,0.002,113.7691,0.2291,0.3656,0.7773
7,17,0.002,112.1533,0.0976,0.3619,0.7765
7,18,0.002,110.7311,0.0900,0.3735,0.7792
7,19,0.002,112.3145,0.0698,0.3842,0.7771
7,20,0.002,113.0172,0.0663,0.3716,0.7769
7,21,0.002,104.9220,0.0796,0.3472,0.7937
7,22,0.002,108.7548,0.0885,0.3552,0.7818
7,23,0.002,105.8751,0.0808,0.3580,0.7934
7,24,0.002,104.4701,0.0830,0.3505,0.7927
7,25,0.002,105.1619,0.0725,0.3475,0.7900
7,26,0.002,103.1321,0.0742,0.3454,0.7965
7,27,0.002,104.6396,0.0933,0.3662,0.7932
7,28,0.002,104.2843,0.0671,0.3597,0.7952
7,29,0.002,100.9548,0.0604,0.3527,0.8018
7,30,0.002,102.9531,0.0710,0.3434,0.7957
7,31,0.002,102.7573,0.0866,0.3399,0.7968
7,32,0.002,101.0969,0.0934,0.3414,0.7990
7,33,0.002,97.5740,0.0717,0.3397,0.8053
7,34,0.002,100.9696,0.0779,0.3513,0.7990
7,35,0.002,100.5505,0.0941,0.3503,0.8010
7,36,0.002,100.4856,0.0703,0.3596,0.7991
7,37,0.002,102.8829,0.0649,0.3495,0.7953
7,38,0.002,97.8854,0.0883,0.3452,0.8063
7,39,0.002,99.6937,0.0805,0.3410,0.8030
7,40,0.002,97.3851,0.0765,0.3375,0.8052
7,41,0.002,96.9240,0.0654,0.3363,0.8076
7,42,0.002,97.7205,0.0693,0.3361,0.8067
7,43,0.002,96.4169,0.0737,0.3425,0.8083
7,44,0.002,94.5482,0.0847,0.3433,0.8122
7,45,0.002,98.9203,0.0681,0.3384,0.8013
7,46,0.002,93.2733,0.0710,0.3473,0.8149
7,47,0.002,99.1031,0.0766,0.3378,0.8022
7,48,0.002,94.1881,0.2466,0.3309,0.8134
7,49,0.002,95.8745,0.0775,0.3326,0.8093
7,50,0.002,92.3385,0.0595,0.3412,0.8162
7,51,0.002,93.7262,0.0818,0.3359,0.8141
7,52,0.002,85.6412,0.2457,0.3212,0.8292
7,53,0.002,94.3561,0.0847,0.3353,0.8115
7,54,0.002,92.0436,0.0710,0.3279,0.8162
7,55,0.002,93.3261,0.0810,0.3284,0.8134
7,56,0.002,88.6024,0.2324,0.3292,0.8235
7,57,0.002,92.6557,0.0784,0.3311,0.8150
7,58,0.002,90.8012,0.0795,0.3270,0.8187
7,59,0.002,90.7947,0.0866,0.3201,0.8199
7,60,0.002,89.4273,0.0640,0.3220,0.8213
7,61,0.002,91.0946,0.0865,0.3284,0.8162
7,62,0.002,91.2079,0.0830,0.3282,0.8168
7,63,0.002,92.4187,0.0791,0.3230,0.8145
7,64,0.002,92.6056,0.0727,0.3328,0.8139
7,65,0.002,89.7037,0.0843,0.3322,0.8195
7,66,0.002,89.2537,0.0663,0.3276,0.8214
7,67,0.002,89.4001,0.0693,0.3195,0.8215
7,68,0.002,90.4305,0.0679,0.3219,0.8182
7,69,0.002,89.5526,0.0603,0.3303,0.8198
7,70,0.002,89.8811,0.0655,0.3116,0.8200
7,71,0.002,89.8076,0.0934,0.3302,0.8202
7,72,0.002,90.1852,0.0774,0.3194,0.8185
7,73,0.002,88.9278,0.0653,0.3233,0.8230
7,74,0.001,87.4049,0.0683,0.3128,0.8262
7,75,0.001,87.2131,0.0551,0.3211,0.8260
7,76,0.001,86.0035,0.0777,0.3236,0.8293
7,77,0.001,88.4670,0.0795,0.3253,0.8243
7,78,0.001,88.8561,0.0766,0.3358,0.8209
7,79,0.001,87.4384,0.2084,0.3428,0.8262
7,80,0.001,87.1011,0.0881,0.3290,0.8264
7,81,0.001,86.6705,0.0661,0.3202,0.8266
7,82,0.001,86.0085,0.0830,0.3168,0.8279
7,83,0.001,86.9514,0.2442,0.3257,0.8271
7,84,0.001,87.1643,0.0833,0.3362,0.8256
7,85,0.001,88.5399,0.0875,0.3364,0.8228
7,86,0.001,88.7667,0.0801,0.3166,0.8210
7,87,0.001,87.2095,0.2339,0.3178,0.8248
7,88,0.001,83.0529,0.0639,0.3154,0.8335
7,89,0.001,84.8131,0.0639,0.3240,0.8306
7,90,0.001,90.2876,0.0826,0.3226,0.8194
7,91,0.001,85.0744,0.0810,0.3218,0.8295
7,92,0.001,84.6467,0.0857,0.3086,0.8304
7,93,0.001,82.6432,0.0693,0.3106,0.8355
7,94,0.001,85.4740,0.0899,0.3181,0.8307
7,95,0.001,84.5318,0.0885,0.3144,0.8308
7,96,0.001,87.7302,0.0969,0.3217,0.8247
7,97,0.001,82.4938,0.0725,0.3192,0.8366
7,98,0.001,86.2154,0.0677,0.3103,0.8260
7,99,0.001,85.5806,0.0740,0.3073,0.8280
7,100,0.001,85.6297,0.0741,0.3274,0.8297
7,101,0.001,86.3219,0.0970,0.3192,0.8275
7,102,0.001,85.5315,0.0825,0.3250,0.8291
7,103,0.001,83.1963,0.0855,0.3202,0.8343
7,104,0.001,82.8478,0.0677,0.3090,0.8341
7,105,0.001,84.3036,0.0801,0.3245,0.8310
7,106,0.001,83.2433,0.0767,0.3115,0.8339
7,107,0.001,85.9975,0.0692,0.3119,0.8270
7,108,0.001,84.4819,0.0537,0.3107,0.8314
7,109,0.001,81.1650,0.0828,0.3095,0.8374
7,110,0.001,84.8413,0.2689,0.3115,0.8292
7,111,0.001,83.0254,0.0817,0.3298,0.8330
7,112,0.001,87.2499,0.0701,0.3285,0.8262
7,113,0.001,80.4095,0.0752,0.3106,0.8396
7,114,0.001,83.4292,0.2084,0.3211,0.8316
7,115,0.001,80.3984,0.0698,0.3029,0.8386
7,116,0.001,84.6148,0.0894,0.3177,0.8313
7,117,0.001,81.7846,0.0560,0.3081,0.8361
7,118,0.001,84.6699,0.2544,0.3200,0.8293
7,119,0.001,83.1554,0.0888,0.3115,0.8341
7,120,0.001,83.1748,0.0724,0.3173,0.8316
7,121,0.001,82.8165,0.0665,0.3047,0.8337
7,122,0.001,82.7290,0.0861,0.3031,0.8340
7,123,0.001,81.2428,0.1016,0.3175,0.8369
7,124,0.001,80.3220,0.1149,0.3357,0.8390
7,125,0.001,80.6953,0.0639,0.3071,0.8390
7,126,0.001,77.8105,0.0920,0.3095,0.8436
7,127,0.001,79.7346,0.0683,0.3128,0.8417
7,128,0.001,79.3214,0.0586,0.3082,0.8419
7,129,0.001,81.2454,0.0724,0.3043,0.8386
7,130,0.001,83.1621,0.0635,0.3072,0.8323
7,131,0.001,78.2692,0.1074,0.3100,0.8433
7,132,0.001,79.4160,0.0867,0.3149,0.8402
7,133,0.001,80.4645,0.0702,0.3088,0.8396
7,134,0.001,79.1042,0.0873,0.3106,0.8412
7,135,0.001,80.2972,0.0622,0.3117,0.8380
7,136,0.001,79.8470,0.0803,0.3156,0.8395
7,137,0.001,78.5836,0.0758,0.3055,0.8414
7,138,0.001,79.9822,0.0904,0.3044,0.8390
7,139,0.001,82.0566,0.0996,0.3116,0.8357
7,140,0.001,81.4962,0.0661,0.3117,0.8376
7,141,0.001,78.5518,0.2673,0.3005,0.8424
7,142,0.001,77.5011,0.0602,0.3052,0.8447
7,143,0.001,79.3189,0.0642,0.3073,0.8403
7,144,0.001,76.9845,0.0653,0.3082,0.8463
7,145,0.001,81.4880,0.2594,0.3209,0.8378
8,0,0.002,96.5634,0.0975,0.4736,0.8071
8,1,0.002,91.3057,0.0801,0.4507,0.8188
8,2,0.002,89.7966,0.0577,0.4836,0.8238
8,3,0.002,85.5222,0.0700,0.4591,0.8318
8,4,0.002,82.9860,0.0648,0.4680,0.8355
8,5,0.002,84.1574,0.0677,0.4638,0.8343
8,6,0.002,81.4246,0.2359,0.4674,0.8377
8,7,0.002,82.1950,0.0645,0.4204,0.8379
8,8,0.002,78.0506,0.0842,0.4351,0.8449
8,9,0.002,77.9967,0.0763,0.4119,0.8460
8,10,0.002,77.3216,0.0632,0.4135,0.8467
8,11,0.002,76.8787,0.0756,0.4228,0.8463
8,12,0.002,76.6342,0.0687,0.4288,0.8472
8,13,0.002,76.8519,0.0636,0.4272,0.8471
8,14,0.002,73.0501,0.0750,0.3831,0.8549
8,15,0.002,72.2513,0.0680,0.3861,0.8553
8,16,0.002,71.9557,0.0785,0.3765,0.8561
8,17,0.002,74.0169,0.2315,0.3903,0.8525
8,18,0.002,71.2096,0.0648,0.3809,0.8566
8,19,0.002,68.1585,0.0925,0.3700,0.8625
8,20,0.002,67.5279,0.0646,0.3731,0.8652
8,21,0.002,69.5122,0.0714,0.3674,0.8593
8,22,0.002,67.6078,0.0751,0.3744,0.8647
8,23,0.002,67.0671,0.0791,0.3715,0.8671
8,24,0.002,68.8113,0.0732,0.3951,0.8597
8,25,0.002,68.1457,0.0782,0.3552,0.8616
8,26,0.002,64.1193,0.0827,0.3626,0.8709
8,27,0.002,66.8203,0.0732,0.3647,0.8670
8,28,0.002,67.0457,0.0646,0.3634,0.8654
8,29,0.002,64.8646,0.2263,0.3715,0.8696
8,30,0.002,65.8281,0.0686,0.3624,0.8673
8,31,0.002,64.1787,0.0579,0.3466,0.8697
8,32,0.002,67.7753,0.0563,0.3793,0.8622
8,33,0.002,62.8014,0.0680,0.3696,0.8742
8,34,0.002,62.7249,0.0565,0.3652,0.8731
8,35,0.002,64.7051,0.0566,0.3671,0.8708
8,36,0.002,63.3190,0.0755,0.3489,0.8739
8,37,0.002,63.6755,0.0641,0.3525,0.8736
8,38,0.002,62.7256,0.1831,0.3406,0.8735
8,39,0.002,61.6022,0.0492,0.3654,0.8761
8,40,0.002,61.5241,0.0538,0.3591,0.8764
8,41,0.002,60.3021,0.0583,0.3581,0.8772
8,42,0.002,60.5550,0.0546,0.3313,0.8774
8,43,0.002,60.0888,0.0550,0.3533,0.8794
8,44,0.002,61.1197,0.0657,0.3514,0.8772
8,45,0.002,62.1013,0.0635,0.3714,0.8756
8,46,0.002,61.0258,0.0488,0.3591,0.8761
8,47,0.002,60.9935,0.0551,0.3438,0.8773
8,48,0.002,57.9112,0.0678,0.3407,0.8837
8,49,0.002,61.4406,0.0597,0.3360,0.8764
8,50,0.002,61.8080,0.1947,0.3585,0.8749
8,51,0.002,61.8644,0.0678,0.3515,0.8766
8,52,0.002,58.5182,0.0563,0.3280,0.8817
8,53,0.002,60.2056,0.0725,0.3500,0.8781
8,54,0.002,58.3156,0.0525,0.3341,0.8834
8,55,0.002,56.8912,0.0503,0.3426,0.8831
8,56,0.002,58.2749,0.0524,0.3548,0.8825
8,57,0.002,60.7105,0.0539,0.3480,0.8768
8,58,0.002,57.7858,0.2156,0.3455,0.8836
8,59,0.002,60.2358,0.0633,0.3479,0.8797
8,60,0.002,59.0031,0.0764,0.3401,0.8806
8,61,0.002,58.4275,0.0635,0.3381,0.8822
8,62,0.002,57.9435,0.0698,0.3265,0.8827
8,63,0.002,57.0969,0.0641,0.3328,0.8836
8,64,0.002,58.0461,0.0565,0.3530,0.8824
8,65,0.002,57.9060,0.0568,0.3285,0.8823
8,66,0.002,57.0026,0.0551,0.3162,0.8839
8,67,0.002,55.7244,0.0561,0.3337,0.8867
8,68,0.002,57.0377,0.0726,0.3411,0.8855
8,69,0.002,57.6636,0.0765,0.3357,0.8830
8,70,0.002,56.1311,0.2073,0.3324,0.8856
8,71,0.002,56.8640,0.0517,0.3377,0.8835
8,72,0.002,57.6933,0.0591,0.3380,0.8835
8,73,0.002,55.5396,0.0633,0.3233,0.8878
8,74,0.002,54.6319,0.0555,0.3229,0.8902
8,75,0.002,55.3362,0.0577,0.3264,0.8875
8,76,0.002,57.1850,0.0637,0.3350,0.8833
8,77,0.002,57.5431,0.0683,0.3303,0.8810
8,78,0.002,56.5564,0.0576,0.3543,0.8851
8,79,0.002,53.8086,0.0529,0.3290,0.8898
8,80,0.002,54.1673,0.0450,0.3276,0.8911
8,81,0.002,56.0702,0.0696,0.3172,0.8856
8,82,0.002,53.1479,0.2051,0.3232,0.8929
8,83,0.002,52.4484,0.0674,0.3300,0.8936
8,84,0.002,54.2152,0.0593,0.3240,0.8894
8,85,0.002,55.8961,0.0614,0.3224,0.8879
8,86,0.002,56.4246,0.0630,0.3181,0.8851
8,87,0.002,54.3708,0.0480,0.3179,0.8900
8,88,0.002,55.9857,0.0765,0.3343,0.8865
8,89,0.002,53.8815,0.0590,0.3212,0.8897
8,90,0.002,52.9753,0.0432,0.3419,0.8919
8,91,0.002,54.9977,0.2115,0.3235,0.8892
8,92,0.002,54.1826,0.0508,0.3339,0.8905
8,93,0.002,54.4866,0.0567,0.3431,0.8897
8,94,0.002,53.3942,0.1243,0.3266,0.8916
8,95,0.002,51.1434,0.0568,0.3206,0.8963
8,96,0.002,55.1744,0.0447,0.3230,0.8886
8,97,0.002,54.9983,0.0564,0.3155,0.8875
8,98,0.002,53.5396,0.0563,0.3126,0.8911
8,99,0.002,53.9887,0.0674,0.3303,0.8919
8,100,0.002,52.2506,0.0527,0.3077,0.8924
9,0,0.002,60.6801,0.0637,0.5404,0.8626
9,1,0.002,56.1606,0.0563,0.5151,0.8727
9,2,0.002,60.2489,0.0423,0.4571,0.8631
9,3,0.002,55.0411,0.1824,0.4286,0.8744
9,4,0.002,56.0256,0.0555,0.4683,0.8710
9,5,0.002,51.3070,0.0695,0.4912,0.8820
9,6,0.002,51.4700,0.0617,0.4583,0.8839
9,7,0.002,51.1605,0.0451,0.4155,0.8837
9,8,0.002,50.6427,0.0611,0.4011,0.8861
9,9,0.002,49.3720,0.0671,0.3991,0.8885
9,10,0.002,47.8967,0.0488,0.4303,0.8923
9,11,0.002,47.5565,0.0607,0.4865,0.8921
9,12,0.002,49.0167,0.0599,0.4468,0.8883
9,13,0.002,45.6600,0.0680,0.4098,0.8960
9,14,0.002,46.4986,0.0839,0.4087,0.8941
9,15,0.002,44.3752,0.0460,0.3994,0.9000
9,16,0.002,45.9666,0.1927,0.3960,0.8936
9,17,0.002,45.7565,0.0476,0.4364,0.8952
9,18,0.002,44.1833,0.0716,0.4343,0.8993
9,19,0.002,42.5444,0.0855,0.4056,0.9021
9,20,0.002,43.6014,0.0808,0.3940,0.8996
9,21,0.002,44.7641,0.0678,0.3909,0.8975
9,22,0.002,41.5991,0.0595,0.3946,0.9050
9,23,0.002,39.8974,0.0732,0.4009,0.9088
9,24,0.002,43.6987,0.0540,0.4061,0.8991
9,25,0.002,41.3256,0.0671,0.3786,0.9052
9,26,0.002,42.9952,0.0600,0.3729,0.9020
9,27,0.002,41.5017,0.0453,0.3704,0.9044
9,28,0.002,42.5823,0.0548,0.3803,0.9005
9,29,0.002,40.2682,0.2257,0.3859,0.9076
9,30,0.002,41.5050,0.0604,0.4029,0.9054
9,31,0.002,41.8743,0.0570,0.4149,0.9028
9,32,0.002,39.7812,0.0471,0.3771,0.9090
9,33,0.002,40.9477,0.0471,0.3900,0.9049
9,34,0.002,39.0465,0.0517,0.3849,0.9094
9,35,0.002,41.6782,0.0470,0.4182,0.9042
9,36,0.002,38.6027,0.0587,0.3869,0.9099
9,37,0.002,41.4376,0.0603,0.3801,0.9035
9,38,0.002,38.1254,0.0504,0.3584,0.9099
9,39,0.002,40.2327,0.0453,0.3743,0.9073
9,40,0.002,39.9864,0.0533,0.3715,0.9077
9,41,0.002,40.3866,0.2076,0.3707,0.9073
9,42,0.002,39.7556,0.0573,0.3861,0.9080
9,43,0.002,38.6940,0.0437,0.3685,0.9121
9,44,0.002,37.1699,0.0583,0.3597,0.9139
9,45,0.002,39.3072,0.0478,0.3808,0.9092
9,46,0.002,37.9343,0.0524,0.3645,0.9124
9,47,0.002,37.2887,0.0495,0.3662,0.9146
9,48,0.002,37.1722,0.0676,0.3712,0.9140
9,49,0.002,37.4370,0.0561,0.3607,0.9118
9,50,0.002,37.9062,0.0443,0.3657,0.9125
9,51,0.002,37.2549,0.0584,0.3636,0.9149
9,52,0.002,38.5191,0.0599,0.3757,0.9103
9,53,0.002,36.7912,0.0480,0.3709,0.9146
9,54,0.002,38.6082,0.0636,0.3631,0.9106
9,55,0.002,37.2436,0.0532,0.3599,0.9132
9,56,0.002,36.4026,0.0530,0.3589,0.9157
9,57,0.002,36.9149,0.0536,0.3601,0.9134
9,58,0.002,37.0889,0.0476,0.3754,0.9143
9,59,0.002,35.8000,0.0555,0.3653,0.9170
9,60,0.002,36.1955,0.0434,0.3737,0.9166
9,61,0.002,37.4247,0.0559,0.3741,0.9134
9,62,0.002,35.1241,0.0462,0.3562,0.9197
9,63,0.002,36.5322,0.0537,0.3587,0.9155
9,64,0.002,34.9730,0.0504,0.3643,0.9188
9,65,0.002,36.2190,0.0498,0.3632,0.9148
9,66,0.002,34.3068,0.1995,0.3617,0.9199
9,67,0.002,36.3755,0.0696,0.3470,0.9156
9,68,0.002,34.8369,0.0529,0.3798,0.9190
9,69,0.002,36.7814,0.0548,0.3531,0.9151
9,70,0.002,36.8886,0.0479,0.3637,0.9138
9,71,0.002,37.7087,0.0492,0.3575,0.9118
9,72,0.002,35.6874,0.0510,0.3585,0.9171
9,73,0.002,34.7105,0.0490,0.3600,0.9178
9,74,0.002,34.6185,0.0555,0.3493,0.9191
9,75,0.002,37.3515,0.0528,0.3769,0.9137
9,76,0.002,35.6382,0.0655,0.3493,0.9166
9,77,0.002,35.5336,0.0556,0.3530,0.9182
9,78,0.002,35.2826,0.0631,0.3607,0.9174
9,79,0.002,35.9041,0.0503,0.3756,0.9180
9,80,0.002,35.2798,0.0579,0.3684,0.9177
9,81,0.002,37.4228,0.0673,0.3642,0.9133
9,82,0.002,36.0888,0.0475,0.3830,0.9151
9,83,0.002,35.9056,0.0651,0.3565,0.9170
9,84,0.002,34.5198,0.0679,0.3420,0.9190
9,85,0.002,36.5407,0.0484,0.3673,0.9156
9,86,0.002,33.2795,0.0603,0.3655,0.9237
9,87,0.002,33.5444,0.0867,0.3563,0.9221
9,88,0.002,34.2653,0.0558,0.3472,0.9204
9,89,0.002,34.1126,0.0462,0.3485,0.9214
9,90,0.002,33.6495,0.0532,0.3424,0.9221
9,91,0.002,35.9570,0.2381,0.3696,0.9134
9,92,0.002,33.1222,0.0574,0.3452,0.9224
9,93,0.002,34.2945,0.0480,0.3573,0.9207
9,94,0.002,32.9415,0.0494,0.3425,0.9237
9,95,0.002,33.9442,0.0550,0.3447,0.9204
9,96,0.002,34.5955,0.0644,0.3628,0.9179
9,97,0.002,33.9343,0.0481,0.3701,0.9205
9,98,0.002,33.9133,0.0546,0.3647,0.9214
9,99,0.002,34.0186,0.0526,0.3626,0.9210
9,100,0.002,33.7363,0.0830,0.3494,0.9220
9,101,0.002,32.8730,0.0468,0.3428,0.9242
9,102,0.002,34.8956,0.0808,0.3435,0.9199
9,103,0.002,32.1968,0.0594,0.3357,0.9243
9,104,0.002,35.2276,0.0817,0.3643,0.9180
9,105,0.002,32.1226,0.0625,0.3501,0.9251
9,106,0.002,32.9274,0.0516,0.3612,0.9223
9,107,0.002,33.5657,0.0541,0.3587,0.9222
9,108,0.002,32.4149,0.0648,0.3577,0.9246
9,109,0.002,33.6105,0.0709,0.3622,0.9218
9,110,0.002,32.8447,0.0850,0.3724,0.9224
9,111,0.002,33.0351,0.0620,0.3529,0.9242
9,112,0.002,33.4535,0.0527,0.3678,0.9210
9,113,0.002,33.6031,0.0663,0.3362,0.9212
9,114,0.002,32.9041,0.0740,0.3249,0.9231
9,115,0.002,32.5165,0.0564,0.3275,0.9234
9,116,0.002,33.5826,0.2072,0.3493,0.9225
9,117,0.002,34.3855,0.0670,0.3467,0.9194
9,118,0.002,33.6939,0.0910,0.3428,0.9215
9,119,0.002,32.1581,0.0511,0.3566,0.9246
9,120,0.002,32.7006,0.0460,0.3410,0.9241
9,121,0.002,33.3256,0.0676,0.3563,0.9227
9,122,0.002,33.9664,0.0492,0.3587,0.9201
9,123,0.002,32.7695,0.0969,0.3628,0.9222
9,124,0.002,32.4070,0.0556,0.3438,0.9244
9,125,0.001,32.9960,0.0489,0.3448,0.9240
9,126,0.001,31.7311,0.1018,0.3283,0.9255
9,127,0.001,34.7246,0.0791,0.3614,0.9188
9,128,0.001,33.4353,0.0592,0.3561,0.9215
9,129,0.001,31.8466,0.0711,0.3453,0.9247
9,130,0.001,33.6806,0.0461,0.3468,0.9219
9,131,0.001,32.3889,0.0793,0.3389,0.9241
9,132,0.001,31.5984,0.0660,0.3577,0.9254
9,133,0.001,32.3770,0.0637,0.3447,0.9240
9,134,0.001,31.6723,0.0518,0.3395,0.9259
9,135,0.001,32.7219,0.0617,0.3484,0.9246
9,136,0.001,32.1181,0.0502,0.3462,0.9252
9,137,0.001,32.1289,0.0518,0.3433,0.9244
9,138,0.001,31.5983,0.0570,0.3544,0.9281
9,139,0.001,33.5548,0.0489,0.3525,0.9207
9,140,0.001,30.9529,0.0833,0.3479,0.9283
9,141,0.001,32.2044,0.2464,0.3339,0.9251
9,142,0.001,32.3763,0.0757,0.3635,0.9234
9,143,0.001,31.8793,0.0740,0.3516,0.9251
9,144,0.001,32.0929,0.0722,0.3452,0.9252
9,145,0.001,32.7707,0.0450,0.3305,0.9240
9,146,0.001,31.3195,0.0508,0.3377,0.9259
9,147,0.001,31.5413,0.0739,0.3513,0.9267
9,148,0.001,31.0244,0.0524,0.3317,0.9280
9,149,0.001,31.5303,0.0556,0.3417,0.9260
9,150,0.001,31.7200,0.0497,0.3423,0.9275
9,151,0.001,31.9277,0.0521,0.3394,0.9256
9,152,0.001,31.5409,0.0998,0.3396,0.9261
9,153,0.001,30.7568,0.0594,0.3412,0.9270
9,154,0.001,29.8429,0.0553,0.3331,0.9302
