training_exp,epoch,Loss_Epoch,Loss_Epoch,RelativeDistance_Epoch,R2Score_Epoch
0,0,326.3290,0.0,4.3289,0.1849
0,1,220.9166,0.0,2.0320,0.2657
0,2,169.3556,0.0,1.5603,0.5825
0,3,145.2632,0.0,1.4301,0.6782
0,4,132.3115,0.0,1.4302,0.6559
0,5,120.5614,0.0,1.4759,0.5906
0,6,107.7557,0.0,1.4292,0.1642
0,7,101.7780,0.0,1.2594,0.6620
0,8,97.5415,0.0,1.3152,0.7786
0,9,107.9432,0.0,1.3516,0.7536
0,10,102.0710,0.0,1.1733,0.7849
0,11,93.3313,0.0,1.3462,0.8057
0,12,85.2520,0.0,1.2259,0.8108
0,13,96.9748,0.0,1.0812,0.3998
0,14,86.8339,0.0,1.3855,0.8176
0,15,84.4516,0.0,1.1295,0.7557
0,16,86.8635,0.0,1.1324,0.6031
0,17,90.3902,0.0,1.2004,0.8011
0,18,109.7323,0.0,1.1430,0.7748
0,19,90.0647,0.0,1.2878,0.8144
0,20,79.8908,0.0,1.1954,0.8356
0,21,75.7266,0.0,1.1921,0.8435
0,22,82.6054,0.0,1.0795,0.7706
0,23,123.0784,0.0,1.4127,0.5075
0,24,102.5314,0.0,1.1598,0.7649
0,25,89.7979,0.0,1.1747,0.8031
0,26,93.2301,0.0,1.3617,0.7055
0,27,86.0650,0.0,1.3721,0.7689
0,28,79.8633,0.0,1.1534,0.7544
0,29,82.0903,0.0,1.3188,0.8257
0,30,84.2633,0.0,1.0911,0.8205
0,31,80.0816,0.0,1.1897,0.7938
0,32,88.7016,0.0,1.3430,0.8113
0,33,82.2528,0.0,1.1379,0.8274
0,34,80.9526,0.0,1.0925,0.8283
0,35,78.5642,0.0,1.5562,0.8228
0,36,73.8504,0.0,1.6488,0.8190
0,37,93.8802,0.0,1.0926,0.8013
0,38,80.9324,0.0,1.1421,0.7489
0,39,75.0260,0.0,1.2793,0.8301
0,40,83.8714,0.0,1.1061,0.8160
0,41,73.4813,0.0,1.2551,0.8434
0,42,77.9581,0.0,1.1806,0.8307
0,43,70.1060,0.0,0.9930,0.7844
0,44,74.3138,0.0,1.3668,0.8123
0,45,73.9943,0.0,1.0841,0.8460
0,46,71.3480,0.0,1.1642,0.8490
0,47,86.5459,0.0,1.2353,0.8197
0,48,86.2006,0.0,0.9500,0.8097
0,49,104.3132,0.0,1.2740,0.7631
0,50,90.3693,0.0,1.0977,0.7946
0,51,82.4402,0.0,1.3061,0.7719
0,52,80.5484,0.0,1.1422,0.8317
0,53,75.6953,0.0,1.3235,0.8272
0,54,72.5050,0.0,1.1707,0.8292
0,55,74.7097,0.0,0.9904,0.7927
0,56,70.0779,0.0,1.2821,0.8371
0,57,85.6007,0.0,1.2467,0.8119
0,58,77.0369,0.0,1.0629,0.8048
0,59,79.4368,0.0,1.2378,0.6809
0,60,80.7674,0.0,1.1963,0.7681
0,61,72.0829,0.0,1.4365,0.8189
0,62,91.4656,0.0,0.9674,0.7835
0,63,82.1249,0.0,1.2208,0.8162
0,64,99.4995,0.0,1.4239,0.7641
0,65,85.7611,0.0,1.3622,0.7714
0,66,76.5490,0.0,1.3195,0.8275
0,67,82.1727,0.0,1.2667,0.6400
0,68,71.7285,0.0,1.7341,0.7398
0,69,68.5549,0.0,1.0871,0.8575
0,70,72.4546,0.0,2.7640,-0.0931
0,71,89.8542,0.0,1.0904,0.7806
0,72,76.6506,0.0,1.5110,0.8372
0,73,71.4407,0.0,1.2117,0.8262
0,74,71.1456,0.0,1.0519,0.8456
0,75,69.4816,0.0,1.0967,0.8429
0,76,65.7751,0.0,1.0704,0.8558
0,77,70.1362,0.0,1.2880,0.8406
0,78,64.4261,0.0,1.0665,0.8640
0,79,67.3567,0.0,1.5643,0.4765
0,80,65.4008,0.0,1.1618,0.8623
0,81,65.8714,0.0,1.2614,0.6191
0,82,65.4704,0.0,1.1333,0.8301
0,83,64.5291,0.0,1.2046,0.8423
0,84,78.6532,0.0,1.1161,0.8148
0,85,70.2968,0.0,1.1365,0.8306
0,86,64.1561,0.0,1.1130,0.8334
0,87,66.9365,0.0,1.1041,0.7927
0,88,62.8737,0.0,1.0931,0.8679
0,89,64.5072,0.0,1.0499,0.8565
0,90,64.3305,0.0,1.1670,0.8598
0,91,64.4315,0.0,1.1944,0.8361
0,92,61.7750,0.0,1.0568,0.8558
0,93,62.6752,0.0,1.1132,0.8600
0,94,64.7236,0.0,1.1786,0.5109
0,95,63.6051,0.0,1.1337,0.8510
0,96,62.5351,0.0,2.5037,0.8054
0,97,63.4728,0.0,1.0916,0.8592
0,98,63.7669,0.0,1.1034,0.8385
0,99,62.8468,0.0,1.2562,-1.6583
0,100,63.0376,0.0,1.1147,0.8598
0,101,60.1465,0.0,1.2361,0.7934
0,102,62.3081,0.0,1.4419,0.8624
0,103,61.7605,0.0,1.1801,0.8653
0,104,62.7586,0.0,1.7512,0.8549
0,105,61.9231,0.0,1.2362,0.8013
0,106,61.9348,0.0,1.1299,0.7985
0,107,62.5383,0.0,1.1060,0.8663
0,108,61.6916,0.0,1.0834,0.8396
0,109,60.9338,0.0,1.1876,0.8724
0,110,60.1130,0.0,1.1506,0.8601
0,111,62.2262,0.0,1.1375,0.8641
0,112,61.9268,0.0,1.1538,0.8696
0,113,60.4471,0.0,1.3658,0.7293
0,114,62.0158,0.0,1.1436,0.7103
0,115,60.8593,0.0,1.1571,0.8732
0,116,63.8221,0.0,1.1811,0.6002
0,117,59.4261,0.0,1.5093,0.8710
0,118,59.7768,0.0,1.4378,0.7657
0,119,62.7731,0.0,1.5496,0.7625
0,120,62.7505,0.0,1.1171,0.8343
0,121,63.3105,0.0,1.1277,0.8582
0,122,61.9527,0.0,1.2800,0.6819
0,123,61.5525,0.0,1.0983,0.8585
0,124,59.1713,0.0,1.2456,0.1762
0,125,57.9494,0.0,1.1251,0.8579
0,126,59.8560,0.0,1.1243,0.8529
0,127,60.8200,0.0,1.3117,0.8698
0,128,60.4622,0.0,1.0994,0.8694
0,129,58.3877,0.0,1.2593,0.8642
0,130,61.2698,0.0,1.1782,0.8554
0,131,61.0550,0.0,1.2127,-0.4084
0,132,58.1523,0.0,1.0940,0.8454
0,133,58.6259,0.0,1.1291,0.8443
0,134,57.8322,0.0,1.2580,0.8673
0,135,61.1361,0.0,1.1984,-1.0752
0,136,62.7765,0.0,1.2252,0.8409
0,137,61.1084,0.0,1.2763,0.8671
0,138,62.3480,0.0,1.1268,0.8715
0,139,60.8501,0.0,1.1438,0.8358
0,140,59.4632,0.0,1.2013,0.8764
0,141,61.4226,0.0,1.1198,0.8558
0,142,59.3990,0.0,1.1365,0.6244
0,143,60.6485,0.0,1.1562,0.8441
0,144,61.3106,0.0,1.1200,0.8720
0,145,61.3441,0.0,1.1351,0.7937
0,146,62.3649,0.0,1.1148,0.8071
0,147,61.0428,0.0,1.1056,0.8702
0,148,60.1880,0.0,1.1083,0.8506
0,149,63.7332,0.0,1.6243,0.2725
0,150,62.1346,0.0,1.3130,0.8679
0,151,59.5069,0.0,1.1574,0.8399
0,152,62.9586,0.0,1.0998,0.8575
0,153,61.5058,0.0,1.1752,0.7441
0,154,58.3605,0.0,1.4181,0.8759
0,155,60.3119,0.0,1.1233,0.8746
0,156,59.2410,0.0,1.2874,0.8728
0,157,59.1757,0.0,1.1351,0.8610
0,158,60.1915,0.0,1.1320,0.8620
0,159,60.7164,0.0,1.0904,0.8317
0,160,60.1553,0.0,1.1143,0.6947
0,161,60.1881,0.0,1.0863,0.8754
1,0,112.3805,0.0,2.3529,0.6524
1,1,77.5191,0.0,2.0555,0.7677
1,2,75.2545,0.0,2.8862,0.7763
1,3,73.9569,0.0,2.2202,0.7811
1,4,68.9298,0.0,1.9075,0.7983
1,5,65.8381,0.0,2.0816,0.7903
1,6,61.4502,0.0,1.8993,0.8178
1,7,59.8675,0.0,1.9466,0.8098
1,8,59.7603,0.0,1.9719,0.8207
1,9,60.0564,0.0,1.9491,0.8118
1,10,62.0585,0.0,2.1276,0.8189
1,11,63.3399,0.0,1.9036,0.8164
1,12,58.3776,0.0,2.0659,0.8312
1,13,57.7593,0.0,1.7938,0.8278
1,14,59.3741,0.0,1.9436,0.8225
1,15,55.2903,0.0,2.3076,0.8441
1,16,56.3712,0.0,2.0688,0.8459
1,17,55.6973,0.0,1.8725,0.8423
1,18,54.3424,0.0,1.9136,0.8435
1,19,55.5614,0.0,1.8588,0.8420
1,20,61.3212,0.0,2.0034,0.8136
1,21,58.1055,0.0,1.8968,0.8329
1,22,53.8045,0.0,2.2262,0.8447
1,23,52.7911,0.0,1.9551,0.8504
1,24,56.7536,0.0,1.9911,0.8376
1,25,56.0034,0.0,1.8101,0.8224
1,26,59.1538,0.0,2.2613,0.8284
1,27,59.0752,0.0,1.7830,0.8321
1,28,56.9777,0.0,1.8261,0.8270
1,29,58.1354,0.0,2.0663,0.8437
1,30,54.4514,0.0,1.7849,0.8490
1,31,57.2837,0.0,1.8832,0.8339
1,32,55.5540,0.0,2.0136,0.8453
1,33,54.0764,0.0,1.9284,0.8507
1,34,54.8939,0.0,1.7598,0.8494
1,35,54.5739,0.0,1.7697,0.8435
1,36,66.2210,0.0,1.7122,0.8189
1,37,57.9073,0.0,2.2367,0.8506
1,38,56.4987,0.0,1.7763,0.8286
1,39,53.2486,0.0,1.7273,0.8550
1,40,52.1623,0.0,1.8394,0.8611
1,41,52.5285,0.0,1.7743,0.8585
1,42,53.5129,0.0,1.9975,0.8489
1,43,51.2120,0.0,2.0471,0.8575
1,44,52.0152,0.0,1.8364,0.8562
1,45,50.5486,0.0,1.9375,0.8500
1,46,53.0622,0.0,2.4200,0.8479
1,47,51.1073,0.0,1.7540,0.8441
1,48,47.1196,0.0,1.6558,0.8536
1,49,47.7567,0.0,1.7728,0.8697
1,50,46.7355,0.0,1.7999,0.8728
1,51,50.9187,0.0,1.7092,0.8585
1,52,50.6133,0.0,1.8079,0.8558
1,53,48.4737,0.0,1.8228,0.8723
1,54,49.8117,0.0,1.7148,0.8645
1,55,46.9620,0.0,1.6861,0.8723
1,56,48.2687,0.0,1.8245,0.8444
1,57,49.8016,0.0,1.9608,0.8672
1,58,47.9548,0.0,1.7863,0.8664
1,59,49.2688,0.0,1.9224,0.8672
1,60,48.0881,0.0,1.7302,0.8548
1,61,47.8749,0.0,1.7897,0.8599
1,62,48.5702,0.0,1.9920,0.8648
1,63,46.9547,0.0,1.8140,0.8615
1,64,50.3323,0.0,1.7507,0.8570
1,65,47.8873,0.0,2.3985,0.8606
1,66,49.4384,0.0,2.1511,0.8582
1,67,50.2732,0.0,1.9030,0.8592
1,68,47.4921,0.0,1.9637,0.8619
1,69,48.5658,0.0,1.7558,0.8597
1,70,49.6467,0.0,1.7900,0.8584
1,71,47.2549,0.0,1.7683,0.8719
1,72,47.7308,0.0,1.9996,0.8537
1,73,45.6541,0.0,1.7299,0.8709
1,74,48.8324,0.0,1.7439,0.8512
1,75,48.6202,0.0,1.8105,0.8635
1,76,48.1669,0.0,1.7371,0.8627
1,77,49.8040,0.0,1.7980,0.8604
1,78,48.3919,0.0,1.8264,0.8663
1,79,46.7094,0.0,1.9231,0.8704
1,80,48.0882,0.0,1.8046,0.8624
1,81,46.1535,0.0,1.7843,0.8699
1,82,49.7443,0.0,1.8255,0.8629
1,83,47.3483,0.0,1.9414,0.8700
1,84,46.6984,0.0,2.1501,0.8620
1,85,49.2704,0.0,1.7470,0.8634
1,86,48.8285,0.0,1.7837,0.8652
1,87,46.7164,0.0,1.7405,0.8718
1,88,51.7662,0.0,1.7706,0.8494
1,89,47.7729,0.0,1.7165,0.8669
1,90,48.6846,0.0,2.0219,0.8581
1,91,47.4934,0.0,2.2643,0.8717
1,92,48.4579,0.0,1.7527,0.8648
1,93,47.5153,0.0,1.7201,0.8657
1,94,45.9812,0.0,1.8132,0.8706
1,95,46.5121,0.0,1.7771,0.8726
1,96,46.6071,0.0,1.8269,0.8696
1,97,51.1663,0.0,1.7618,0.8575
1,98,48.1461,0.0,1.7923,0.8683
1,99,48.7824,0.0,1.7824,0.8612
1,100,48.0854,0.0,1.7216,0.8657
1,101,46.9912,0.0,1.8478,0.8590
1,102,45.9959,0.0,1.7739,0.8686
1,103,48.7488,0.0,2.1376,0.8550
1,104,49.2932,0.0,1.7526,0.8644
1,105,49.2106,0.0,1.7531,0.8646
1,106,47.8949,0.0,1.7353,0.8671
1,107,45.4378,0.0,1.7482,0.8767
1,108,46.4107,0.0,1.8002,0.8632
1,109,47.4005,0.0,1.9949,0.8586
1,110,47.2017,0.0,1.7644,0.8730
1,111,48.0359,0.0,1.7757,0.8631
1,112,48.7974,0.0,1.6899,0.8525
1,113,48.2554,0.0,1.7919,0.8681
1,114,48.3200,0.0,1.8214,0.8690
1,115,47.0613,0.0,1.8652,0.8683
1,116,47.7937,0.0,1.7964,0.8663
1,117,47.6124,0.0,1.7921,0.8645
1,118,46.2792,0.0,1.7553,0.8746
1,119,48.3511,0.0,1.7349,0.8535
1,120,45.7788,0.0,2.1342,0.8693
1,121,46.1671,0.0,1.7659,0.8707
1,122,46.8031,0.0,1.7420,0.8723
1,123,46.6913,0.0,1.7466,0.8693
1,124,46.6888,0.0,1.8720,0.8672
1,125,48.8956,0.0,1.9721,0.8580
1,126,46.2663,0.0,1.7015,0.8723
1,127,46.8380,0.0,2.0100,0.8701
1,128,45.7664,0.0,1.7486,0.8719
1,129,47.9265,0.0,1.7590,0.8618
1,130,48.0038,0.0,1.7114,0.8643
1,131,46.4165,0.0,1.7150,0.8672
1,132,47.6781,0.0,1.8111,0.8610
1,133,48.8918,0.0,1.9187,0.8677
1,134,45.0986,0.0,1.7249,0.8619
1,135,47.7915,0.0,2.1647,0.8646
1,136,49.5532,0.0,1.7571,0.8622
1,137,50.0017,0.0,1.7221,0.8597
1,138,49.0468,0.0,1.7696,0.8615
1,139,47.7320,0.0,1.7331,0.8638
1,140,46.4324,0.0,2.1457,0.8659
1,141,45.9679,0.0,1.6955,0.8747
1,142,48.5388,0.0,1.7125,0.8630
1,143,47.4441,0.0,1.9967,0.8686
1,144,48.3070,0.0,1.7723,0.8677
1,145,48.1626,0.0,2.2024,0.8538
1,146,47.9183,0.0,1.7961,0.8686
1,147,48.7045,0.0,1.9369,0.8509
1,148,47.3991,0.0,1.9928,0.8585
1,149,47.3481,0.0,1.9492,0.8508
1,150,48.1580,0.0,1.7695,0.8619
1,151,46.9454,0.0,1.7091,0.8742
1,152,47.7800,0.0,1.8983,0.8559
1,153,46.6654,0.0,1.7121,0.8734
1,154,47.6153,0.0,1.7378,0.8693
1,155,49.1998,0.0,1.9720,0.8619
1,156,48.2331,0.0,1.7141,0.8601
1,157,46.7435,0.0,1.9019,0.8646
1,158,50.3556,0.0,1.9003,0.8580
1,159,48.6002,0.0,1.7643,0.8697
1,160,46.1798,0.0,1.7793,0.8724
1,161,47.9485,0.0,1.7290,0.8687
1,162,49.0299,0.0,2.3049,0.8610
1,163,44.9838,0.0,1.7471,0.8758
1,164,46.0791,0.0,1.7325,0.8661
1,165,45.6755,0.0,1.8515,0.8759
1,166,46.5464,0.0,1.8065,0.8749
1,167,49.6547,0.0,1.7562,0.8532
1,168,45.9647,0.0,1.7901,0.8763
1,169,48.6837,0.0,1.7108,0.8688
1,170,48.8481,0.0,1.7629,0.8626
1,171,46.5587,0.0,1.7793,0.8554
1,172,48.2229,0.0,1.7805,0.8648
1,173,48.8712,0.0,1.7304,0.8654
1,174,48.0635,0.0,1.7711,0.8569
1,175,47.3484,0.0,1.7826,0.8657
1,176,47.2302,0.0,1.7219,0.8617
1,177,48.0315,0.0,1.7860,0.8594
1,178,47.9208,0.0,2.2149,0.8657
1,179,44.5592,0.0,1.8168,0.8808
1,180,49.3678,0.0,1.7290,0.8641
1,181,47.8840,0.0,1.7975,0.8633
1,182,46.3588,0.0,1.7197,0.8759
1,183,46.9540,0.0,1.7482,0.8702
1,184,49.9784,0.0,1.6915,0.8596
1,185,46.7761,0.0,1.7390,0.8678
1,186,47.5342,0.0,1.7754,0.8627
1,187,48.5052,0.0,1.8376,0.8693
1,188,46.6640,0.0,1.7723,0.8680
1,189,48.9858,0.0,1.8091,0.8653
1,190,48.1670,0.0,1.8352,0.8595
1,191,45.9034,0.0,1.7745,0.8174
1,192,48.2263,0.0,1.7038,0.8538
1,193,48.0864,0.0,1.7622,0.8638
1,194,46.0250,0.0,2.1545,0.8498
1,195,47.3259,0.0,1.7557,0.8703
1,196,48.8581,0.0,1.7370,0.8599
1,197,46.2906,0.0,1.8129,0.8706
1,198,51.2564,0.0,1.7646,0.8467
1,199,47.1347,0.0,1.7319,0.8674
2,0,102.8057,0.0,1.0439,0.6951
2,1,85.8889,0.0,1.1150,0.7634
2,2,83.1856,0.0,1.0318,0.7724
2,3,82.1591,0.0,0.9593,0.7766
2,4,78.2800,0.0,0.9733,0.7901
2,5,77.7131,0.0,0.9486,0.7905
2,6,77.9724,0.0,0.9396,0.7885
2,7,76.7939,0.0,0.9598,0.7914
2,8,76.4472,0.0,0.9638,0.7935
2,9,80.3612,0.0,0.9098,0.7815
2,10,80.6498,0.0,0.9270,0.7835
2,11,76.5659,0.0,0.8843,0.7961
2,12,76.8283,0.0,0.9259,0.7955
2,13,74.4517,0.0,0.9168,0.7995
2,14,76.8398,0.0,0.9157,0.7933
2,15,73.8164,0.0,0.9043,0.8034
2,16,72.6610,0.0,0.9017,0.8063
2,17,71.8632,0.0,0.9214,0.8083
2,18,77.3256,0.0,0.8632,0.7921
2,19,72.7895,0.0,0.9545,0.8085
2,20,71.3082,0.0,0.9209,0.8131
2,21,71.4899,0.0,0.9048,0.8106
2,22,71.7539,0.0,0.8858,0.8068
2,23,73.1032,0.0,0.8846,0.8050
2,24,78.6866,0.0,0.9089,0.7896
2,25,78.0663,0.0,0.8966,0.7944
2,26,70.5949,0.0,0.8620,0.8115
2,27,73.3539,0.0,0.9063,0.8032
2,28,70.5721,0.0,0.8806,0.8143
2,29,71.6917,0.0,0.8764,0.8113
2,30,72.3957,0.0,0.8891,0.8089
2,31,72.4020,0.0,0.9146,0.8103
2,32,68.0652,0.0,0.8776,0.8220
2,33,71.4109,0.0,0.9083,0.8129
2,34,70.6043,0.0,0.8491,0.8190
2,35,72.2264,0.0,0.9287,0.8102
2,36,70.7809,0.0,0.8868,0.8154
2,37,70.0891,0.0,0.8502,0.8155
2,38,69.3053,0.0,0.8318,0.8190
2,39,66.8001,0.0,0.8701,0.8244
2,40,69.9963,0.0,0.9091,0.8163
2,41,66.0425,0.0,0.8706,0.8290
2,42,68.3326,0.0,0.8882,0.8202
2,43,70.2530,0.0,0.9030,0.8178
2,44,67.7259,0.0,0.8732,0.8252
2,45,68.4914,0.0,0.8833,0.8220
2,46,67.7765,0.0,0.8553,0.8237
2,47,68.9038,0.0,0.8694,0.8190
2,48,66.6242,0.0,0.8971,0.8275
2,49,67.7204,0.0,0.8617,0.8245
2,50,67.8580,0.0,0.8935,0.8252
2,51,65.8779,0.0,0.8275,0.8279
2,52,65.3785,0.0,0.8712,0.8312
2,53,66.9749,0.0,0.8941,0.8262
2,54,67.8848,0.0,0.8432,0.8236
2,55,66.0007,0.0,0.8657,0.8304
2,56,64.4683,0.0,0.8380,0.8346
2,57,67.2825,0.0,0.8773,0.8245
2,58,62.7386,0.0,0.8605,0.8400
2,59,66.9887,0.0,0.8720,0.8265
2,60,63.8577,0.0,0.8410,0.8366
2,61,66.9055,0.0,0.8634,0.8285
2,62,67.6022,0.0,0.8535,0.8258
2,63,64.1092,0.0,0.8660,0.8376
2,64,62.0489,0.0,0.8558,0.8422
2,65,65.2577,0.0,0.8803,0.8303
2,66,65.8358,0.0,0.8381,0.8288
2,67,66.6923,0.0,0.8619,0.8263
2,68,64.0666,0.0,0.8468,0.8373
2,69,64.9788,0.0,0.8645,0.8353
2,70,65.3743,0.0,0.9321,0.8335
2,71,65.5668,0.0,0.8455,0.8312
2,72,67.3961,0.0,0.8291,0.8244
2,73,64.1581,0.0,0.8686,0.8364
2,74,67.0192,0.0,0.8680,0.8277
2,75,65.7692,0.0,0.8486,0.8316
2,76,64.3581,0.0,0.8665,0.8358
2,77,65.0984,0.0,0.8584,0.8350
2,78,64.3393,0.0,0.8182,0.8356
2,79,63.8317,0.0,0.8684,0.8360
2,80,65.4027,0.0,0.8242,0.8346
2,81,63.1053,0.0,0.8500,0.8399
2,82,66.7390,0.0,0.8653,0.8295
2,83,62.2361,0.0,0.8290,0.8434
2,84,66.4129,0.0,0.8667,0.8290
2,85,66.2137,0.0,0.8761,0.8333
2,86,65.9884,0.0,0.8388,0.8316
2,87,66.3083,0.0,0.8420,0.8298
2,88,66.3926,0.0,0.8879,0.8308
2,89,65.9573,0.0,0.8517,0.8303
2,90,63.7337,0.0,0.8307,0.8404
2,91,64.1497,0.0,0.8249,0.8388
2,92,66.1919,0.0,0.8924,0.8293
2,93,61.3230,0.0,0.8129,0.8443
2,94,58.8540,0.0,0.8378,0.8499
2,95,56.8551,0.0,0.8140,0.8538
2,96,58.5887,0.0,0.8197,0.8479
2,97,58.9973,0.0,0.8561,0.8457
2,98,55.4782,0.0,0.8105,0.8553
2,99,56.4316,0.0,0.8362,0.8511
2,100,58.0834,0.0,0.8270,0.8474
3,0,86.4891,0.0,0.8456,0.7513
3,1,81.4872,0.0,0.8160,0.7848
3,2,81.8533,0.0,0.8065,0.7910
3,3,77.7593,0.0,0.8680,0.8030
3,4,76.8355,0.0,0.8366,0.8058
3,5,75.5451,0.0,0.7363,0.8066
3,6,76.1189,0.0,0.7979,0.8034
3,7,73.8839,0.0,0.7939,0.8140
3,8,72.8869,0.0,0.7907,0.8114
3,9,72.9082,0.0,0.7623,0.8119
3,10,74.7314,0.0,0.7974,0.8117
3,11,69.5436,0.0,0.8013,0.8294
3,12,71.5284,0.0,0.7767,0.8183
3,13,72.2402,0.0,0.8112,0.8190
3,14,74.6740,0.0,0.7919,0.8103
3,15,70.5742,0.0,0.7896,0.8188
3,16,73.7413,0.0,0.7833,0.8141
3,17,74.5309,0.0,0.8029,0.8098
3,18,72.3609,0.0,0.8365,0.8156
3,19,74.7603,0.0,0.7713,0.8092
3,20,70.4566,0.0,0.7834,0.8255
3,21,69.6959,0.0,0.7768,0.8224
3,22,72.4641,0.0,0.8001,0.8173
3,23,68.8102,0.0,0.7786,0.8261
3,24,70.6429,0.0,0.7536,0.8228
3,25,67.3679,0.0,0.7991,0.8305
3,26,69.7713,0.0,0.7471,0.8277
3,27,70.3336,0.0,0.7987,0.8268
3,28,68.0568,0.0,0.7402,0.8335
3,29,70.3653,0.0,0.7680,0.8276
3,30,66.8869,0.0,0.7422,0.8324
3,31,66.0301,0.0,0.7972,0.8395
3,32,67.8711,0.0,0.8024,0.8305
3,33,66.5342,0.0,0.7249,0.8329
3,34,70.8028,0.0,0.7867,0.8252
3,35,68.9441,0.0,0.7876,0.8285
3,36,70.4429,0.0,0.7579,0.8257
3,37,68.7464,0.0,0.7504,0.8330
3,38,67.6132,0.0,0.7662,0.8354
3,39,67.2171,0.0,0.7370,0.8343
3,40,68.1841,0.0,0.7633,0.8341
3,41,66.9154,0.0,0.7325,0.8361
3,42,64.7540,0.0,0.7950,0.8425
3,43,66.6668,0.0,0.7523,0.8345
3,44,65.5105,0.0,0.7478,0.8358
3,45,66.8114,0.0,0.7364,0.8369
3,46,65.2008,0.0,0.7690,0.8399
3,47,64.5202,0.0,0.7509,0.8433
3,48,67.6356,0.0,0.7541,0.8375
3,49,66.6146,0.0,0.7666,0.8380
3,50,65.6246,0.0,0.7256,0.8386
3,51,63.9957,0.0,0.7712,0.8416
3,52,61.3303,0.0,0.7155,0.8501
3,53,61.3012,0.0,0.7384,0.8448
3,54,61.1422,0.0,0.7386,0.8470
3,55,59.8650,0.0,0.6969,0.8489
3,56,60.0753,0.0,0.7288,0.8482
3,57,54.5650,0.0,0.7168,0.8672
3,58,58.4451,0.0,0.6838,0.8549
3,59,58.7346,0.0,0.6773,0.8522
3,60,58.8008,0.0,0.7221,0.8512
3,61,59.9126,0.0,0.6801,0.8476
3,62,57.8735,0.0,0.7407,0.8544
3,63,57.2708,0.0,0.7107,0.8533
3,64,57.9515,0.0,0.7191,0.8558
3,65,57.6639,0.0,0.7083,0.8544
3,66,56.7151,0.0,0.6752,0.8587
3,67,55.2052,0.0,0.6864,0.8647
3,68,54.5725,0.0,0.6943,0.8662
3,69,58.0330,0.0,0.6920,0.8522
3,70,55.8003,0.0,0.6805,0.8608
3,71,57.2604,0.0,0.7012,0.8543
3,72,56.1903,0.0,0.6822,0.8581
3,73,55.1981,0.0,0.7118,0.8596
3,74,55.9466,0.0,0.6937,0.8594
3,75,55.0014,0.0,0.6983,0.8624
3,76,56.3173,0.0,0.7000,0.8585
3,77,53.9965,0.0,0.6784,0.8638
3,78,55.3569,0.0,0.7019,0.8597
3,79,55.9329,0.0,0.6925,0.8576
3,80,56.7137,0.0,0.6958,0.8575
3,81,57.7732,0.0,0.7090,0.8525
3,82,57.4070,0.0,0.7028,0.8530
3,83,56.5105,0.0,0.7096,0.8566
3,84,55.3812,0.0,0.7218,0.8625
3,85,54.4922,0.0,0.6637,0.8633
3,86,58.7115,0.0,0.6976,0.8476
3,87,58.4280,0.0,0.6868,0.8487
3,88,54.8348,0.0,0.7088,0.8629
3,89,54.4727,0.0,0.6872,0.8612
3,90,55.8866,0.0,0.6872,0.8571
3,91,55.8005,0.0,0.7092,0.8593
3,92,55.7244,0.0,0.7096,0.8569
3,93,54.2529,0.0,0.6881,0.8646
3,94,56.4437,0.0,0.7108,0.8550
3,95,57.4661,0.0,0.7201,0.8533
3,96,56.1727,0.0,0.7032,0.8592
3,97,55.5871,0.0,0.7069,0.8591
3,98,54.6092,0.0,0.7124,0.8610
3,99,53.8234,0.0,0.6834,0.8647
3,100,56.0740,0.0,0.7149,0.8592
4,0,82.1243,0.0,0.8970,0.7662
4,1,80.5570,0.0,0.9154,0.7832
4,2,79.8400,0.0,0.8870,0.7893
4,3,75.9061,0.0,0.8415,0.8038
4,4,77.0429,0.0,0.8608,0.7950
4,5,75.6615,0.0,0.8893,0.8032
4,6,75.3936,0.0,0.8149,0.8075
4,7,77.3413,0.0,0.8278,0.7958
4,8,76.1796,0.0,0.8872,0.8020
4,9,78.1929,0.0,0.8522,0.7908
4,10,75.4568,0.0,0.9323,0.8082
4,11,77.9797,0.0,0.9260,0.7935
4,12,76.1493,0.0,0.9429,0.8026
4,13,74.0296,0.0,0.8703,0.8122
4,14,73.4085,0.0,0.8830,0.8102
4,15,69.6796,0.0,0.8567,0.8202
4,16,74.9393,0.0,0.9134,0.8086
4,17,73.4825,0.0,0.8677,0.8097
4,18,73.8445,0.0,0.9088,0.8113
4,19,66.0306,0.0,0.8735,0.8303
4,20,65.7665,0.0,0.8493,0.8238
4,21,65.4417,0.0,0.9062,0.8276
4,22,65.0942,0.0,0.8678,0.8217
4,23,62.8739,0.0,0.8704,0.8306
4,24,63.1947,0.0,0.8870,0.8272
4,25,65.5843,0.0,0.8575,0.8206
4,26,62.9272,0.0,0.8440,0.8282
4,27,62.6569,0.0,0.8449,0.8293
4,28,61.7678,0.0,0.8767,0.8324
4,29,62.7051,0.0,0.8359,0.8283
4,30,63.1395,0.0,0.8570,0.8151
4,31,63.8070,0.0,0.8643,0.8271
4,32,62.3707,0.0,0.8603,0.8325
4,33,62.7933,0.0,0.8444,0.8261
4,34,64.2942,0.0,0.8464,0.8202
4,35,63.9649,0.0,0.8773,0.8260
4,36,63.2206,0.0,0.8488,0.8265
4,37,61.7967,0.0,0.8312,0.8307
4,38,60.0671,0.0,0.8668,0.8394
4,39,61.6590,0.0,0.8450,0.8267
4,40,61.7802,0.0,0.8430,0.8305
4,41,61.9845,0.0,0.8221,0.8299
4,42,62.9387,0.0,0.8387,0.8269
4,43,62.4107,0.0,0.8304,0.8282
4,44,61.4190,0.0,0.8537,0.8313
4,45,60.2325,0.0,0.8365,0.8378
4,46,59.2725,0.0,0.8422,0.8445
4,47,60.8599,0.0,0.8577,0.8321
4,48,59.4546,0.0,0.8824,0.8403
4,49,59.0980,0.0,0.8386,0.8336
4,50,59.7522,0.0,0.8449,0.8364
4,51,61.5899,0.0,0.8565,0.8254
4,52,57.8053,0.0,0.8749,0.8414
4,53,59.2090,0.0,0.8281,0.8384
4,54,58.6583,0.0,0.8377,0.8340
4,55,60.8922,0.0,0.8566,0.8259
4,56,59.9235,0.0,0.8305,0.8351
4,57,57.9217,0.0,0.8386,0.8423
4,58,58.6800,0.0,0.8606,0.8326
4,59,59.9745,0.0,0.8423,0.8279
4,60,59.9630,0.0,0.8402,0.8308
4,61,57.1067,0.0,0.8474,0.8427
4,62,58.8073,0.0,0.8521,0.8306
4,63,59.4253,0.0,0.8368,0.8368
4,64,58.4841,0.0,0.8414,0.8383
4,65,59.9833,0.0,0.8901,0.8354
4,66,58.8296,0.0,0.8258,0.8383
4,67,57.6838,0.0,0.8202,0.8405
4,68,60.1721,0.0,0.8389,0.8320
4,69,57.8309,0.0,0.8232,0.8385
4,70,59.0102,0.0,0.8447,0.8357
4,71,57.0880,0.0,0.8696,0.8478
4,72,59.1115,0.0,0.8446,0.8370
4,73,58.7090,0.0,0.8495,0.8393
4,74,56.3467,0.0,0.8442,0.8449
4,75,58.7428,0.0,0.8482,0.8388
4,76,58.7837,0.0,0.8460,0.8373
4,77,58.9202,0.0,0.8509,0.8381
4,78,58.6583,0.0,0.8501,0.8383
4,79,58.1548,0.0,0.8175,0.8400
4,80,58.7965,0.0,0.8384,0.8368
4,81,59.4349,0.0,0.8466,0.8354
4,82,58.4332,0.0,0.8472,0.8363
4,83,58.0697,0.0,0.8430,0.8398
4,84,58.0486,0.0,0.8403,0.8407
4,85,60.4844,0.0,0.8299,0.8296
4,86,58.7983,0.0,0.8426,0.8370
4,87,59.0927,0.0,0.8390,0.8324
4,88,58.4366,0.0,0.8199,0.8382
4,89,58.7864,0.0,0.8526,0.8344
4,90,59.5888,0.0,0.8593,0.8318
4,91,59.7155,0.0,0.8441,0.8349
4,92,58.8717,0.0,0.8574,0.8372
4,93,57.8047,0.0,0.8440,0.8385
4,94,59.7910,0.0,0.8357,0.8321
4,95,60.6559,0.0,0.8295,0.8281
4,96,59.4330,0.0,0.8343,0.8332
4,97,57.4614,0.0,0.8386,0.8421
4,98,58.6232,0.0,0.8391,0.8384
4,99,56.8015,0.0,0.8290,0.8416
4,100,57.8352,0.0,0.8876,0.8392
4,101,57.9503,0.0,0.8665,0.8393
4,102,59.0242,0.0,0.8582,0.8352
4,103,59.2310,0.0,0.8411,0.8375
4,104,58.2390,0.0,0.8574,0.8383
4,105,57.5285,0.0,0.8653,0.8386
4,106,58.2097,0.0,0.8598,0.8375
4,107,59.1537,0.0,0.8515,0.8323
4,108,57.0787,0.0,0.8289,0.8457
4,109,58.1270,0.0,0.8364,0.8420
4,110,56.6936,0.0,0.8207,0.8456
4,111,58.0234,0.0,0.8641,0.8416
4,112,55.9713,0.0,0.8549,0.8453
4,113,57.0543,0.0,0.8450,0.8427
4,114,57.4306,0.0,0.8733,0.8426
4,115,59.3595,0.0,0.8494,0.8346
4,116,58.6865,0.0,0.8542,0.8381
4,117,59.3889,0.0,0.8474,0.8340
4,118,58.4608,0.0,0.8354,0.8357
4,119,58.6318,0.0,0.8562,0.8371
4,120,58.7845,0.0,0.8508,0.8371
4,121,58.3206,0.0,0.8656,0.8363
4,122,58.8992,0.0,0.8477,0.8374
4,123,56.8126,0.0,0.8423,0.8454
4,124,58.7722,0.0,0.8760,0.8358
4,125,58.9822,0.0,0.8613,0.8309
4,126,57.5532,0.0,0.8356,0.8451
4,127,59.2763,0.0,0.8458,0.8322
4,128,58.2550,0.0,0.8694,0.8342
4,129,58.5870,0.0,0.8352,0.8371
4,130,60.6019,0.0,0.8443,0.8306
4,131,58.0896,0.0,0.8302,0.8407
4,132,58.3971,0.0,0.8531,0.8398
4,133,55.6789,0.0,0.8837,0.8478
4,134,59.2203,0.0,0.8463,0.8324
4,135,58.3681,0.0,0.8378,0.8397
4,136,58.0418,0.0,0.8465,0.8385
4,137,58.7145,0.0,0.8519,0.8392
4,138,58.8444,0.0,0.8300,0.8347
4,139,60.1215,0.0,0.8293,0.8337
4,140,58.5436,0.0,0.8450,0.8370
4,141,57.4687,0.0,0.8633,0.8413
4,142,57.6751,0.0,0.8727,0.8440
4,143,57.9301,0.0,0.8325,0.8372
4,144,58.0787,0.0,0.8535,0.8417
4,145,57.7804,0.0,0.8381,0.8419
4,146,57.6949,0.0,0.8244,0.8425
4,147,56.7444,0.0,0.8335,0.8435
4,148,57.3815,0.0,0.8411,0.8429
4,149,57.7053,0.0,0.8352,0.8414
4,150,57.9748,0.0,0.8606,0.8418
4,151,58.0185,0.0,0.8397,0.8390
4,152,60.1901,0.0,0.8464,0.8287
4,153,59.5262,0.0,0.8482,0.8351
4,154,59.6528,0.0,0.8521,0.8298
4,155,58.5586,0.0,0.8312,0.8375
4,156,57.6520,0.0,0.8411,0.8412
4,157,59.2262,0.0,0.8402,0.8336
4,158,56.9910,0.0,0.8420,0.8453
4,159,57.8624,0.0,0.8307,0.8387
4,160,58.5649,0.0,0.8471,0.8373
4,161,57.0917,0.0,0.8375,0.8435
4,162,58.3142,0.0,0.8450,0.8389
4,163,58.0412,0.0,0.8234,0.8392
4,164,57.6860,0.0,0.8439,0.8434
4,165,58.4602,0.0,0.8243,0.8392
4,166,57.4029,0.0,0.8475,0.8421
4,167,57.9689,0.0,0.8199,0.8410
4,168,56.7383,0.0,0.8389,0.8449
4,169,58.4048,0.0,0.8702,0.8412
4,170,57.7144,0.0,0.8525,0.8389
4,171,59.2372,0.0,0.8301,0.8332
4,172,57.9823,0.0,0.8497,0.8339
4,173,57.5296,0.0,0.8434,0.8427
4,174,58.4205,0.0,0.8494,0.8383
4,175,58.8389,0.0,0.8460,0.8387
4,176,58.6914,0.0,0.8487,0.8375
4,177,59.0797,0.0,0.8304,0.8360
4,178,57.6116,0.0,0.8332,0.8403
4,179,57.0966,0.0,0.8450,0.8350
4,180,57.9900,0.0,0.8346,0.8411
4,181,58.2291,0.0,0.8398,0.8383
4,182,56.8942,0.0,0.8739,0.8450
4,183,58.0177,0.0,0.8420,0.8383
4,184,59.4240,0.0,0.8416,0.8347
4,185,57.0978,0.0,0.8674,0.8388
4,186,57.2851,0.0,0.8270,0.8446
4,187,57.7035,0.0,0.8329,0.8391
4,188,56.6802,0.0,0.8505,0.8454
4,189,58.3044,0.0,0.8540,0.8377
4,190,57.2495,0.0,0.8551,0.8414
4,191,57.1227,0.0,0.8355,0.8463
4,192,58.5257,0.0,0.8422,0.8400
4,193,59.7660,0.0,0.8583,0.8333
4,194,58.4854,0.0,0.8352,0.8399
4,195,59.3914,0.0,0.8479,0.8332
4,196,57.4710,0.0,0.8461,0.8396
4,197,58.2458,0.0,0.8495,0.8405
4,198,60.2090,0.0,0.8534,0.8288
4,199,57.4521,0.0,0.8421,0.8422
5,0,79.4246,0.0,1.0016,0.7816
5,1,79.6535,0.0,1.0773,0.7940
5,2,82.3321,0.0,1.0056,0.7919
5,3,76.9669,0.0,0.8935,0.8101
5,4,76.8876,0.0,0.9089,0.8082
5,5,74.5399,0.0,0.8703,0.8171
5,6,77.1290,0.0,0.8419,0.8032
5,7,77.0688,0.0,0.8900,0.8088
5,8,74.0893,0.0,0.8005,0.8154
5,9,72.5801,0.0,0.8359,0.8204
5,10,72.3571,0.0,0.7983,0.8204
5,11,74.7087,0.0,0.8482,0.8150
5,12,75.7204,0.0,0.8760,0.8102
5,13,72.3094,0.0,0.7622,0.8240
5,14,73.8729,0.0,0.7894,0.8185
5,15,73.1177,0.0,0.7959,0.8187
5,16,72.0646,0.0,0.8503,0.8206
5,17,70.4510,0.0,0.8135,0.8292
5,18,71.0419,0.0,0.7671,0.8256
5,19,71.3289,0.0,0.8675,0.8225
5,20,70.1169,0.0,0.8234,0.8286
5,21,71.0845,0.0,0.8424,0.8266
5,22,70.4684,0.0,0.8574,0.8269
5,23,69.7502,0.0,0.8443,0.8315
5,24,67.2921,0.0,0.7651,0.8327
5,25,65.8445,0.0,0.8241,0.8281
5,26,61.7913,0.0,0.7816,0.8422
5,27,62.0537,0.0,0.7801,0.8385
5,28,64.6205,0.0,0.7756,0.8298
5,29,62.0090,0.0,0.7589,0.8378
5,30,59.8788,0.0,0.7770,0.8457
5,31,60.8484,0.0,0.7644,0.8410
5,32,59.9622,0.0,0.7463,0.8459
5,33,61.8894,0.0,0.7927,0.8367
5,34,61.7993,0.0,0.7719,0.8344
5,35,61.3813,0.0,0.7867,0.8383
5,36,58.3255,0.0,0.7451,0.8511
5,37,57.0715,0.0,0.7323,0.8524
5,38,59.9982,0.0,0.7738,0.8393
5,39,60.4249,0.0,0.7455,0.8423
5,40,61.2712,0.0,0.7725,0.8388
5,41,58.2846,0.0,0.7774,0.8483
5,42,59.7666,0.0,0.7861,0.8414
5,43,58.1791,0.0,0.7896,0.8481
5,44,55.3391,0.0,0.7540,0.8562
5,45,57.2618,0.0,0.7614,0.8491
5,46,58.4097,0.0,0.7683,0.8462
5,47,59.2620,0.0,0.7749,0.8437
5,48,57.8502,0.0,0.7640,0.8479
5,49,57.1049,0.0,0.7672,0.8494
5,50,57.2486,0.0,0.7559,0.8470
5,51,56.7795,0.0,0.7925,0.8493
5,52,58.6606,0.0,0.8107,0.8439
5,53,57.4811,0.0,0.7840,0.8462
5,54,56.4914,0.0,0.7540,0.8512
5,55,57.8241,0.0,0.7530,0.8447
5,56,56.2080,0.0,0.7646,0.8530
5,57,56.7982,0.0,0.7550,0.8497
5,58,55.3538,0.0,0.7625,0.8543
5,59,57.2288,0.0,0.7580,0.8473
5,60,55.1132,0.0,0.7429,0.8566
5,61,56.6368,0.0,0.7461,0.8485
5,62,57.3634,0.0,0.7518,0.8469
5,63,55.2331,0.0,0.7619,0.8560
5,64,56.3326,0.0,0.7463,0.8503
5,65,55.3280,0.0,0.7477,0.8537
5,66,55.9624,0.0,0.7519,0.8521
5,67,55.7518,0.0,0.7363,0.8538
5,68,55.1714,0.0,0.7705,0.8555
5,69,56.2101,0.0,0.7484,0.8487
5,70,56.0700,0.0,0.7491,0.8508
5,71,57.2556,0.0,0.7376,0.8466
5,72,56.1668,0.0,0.7372,0.8533
5,73,57.3188,0.0,0.7708,0.8475
5,74,57.3683,0.0,0.7550,0.8476
5,75,56.0168,0.0,0.7578,0.8516
5,76,54.5935,0.0,0.7661,0.8566
5,77,55.4471,0.0,0.7596,0.8544
5,78,55.0926,0.0,0.7386,0.8551
5,79,55.7303,0.0,0.7527,0.8528
5,80,56.6392,0.0,0.7511,0.8516
5,81,56.4933,0.0,0.7448,0.8494
5,82,55.2858,0.0,0.7490,0.8552
5,83,54.9217,0.0,0.7628,0.8553
5,84,55.8462,0.0,0.7552,0.8516
5,85,56.4659,0.0,0.7454,0.8479
5,86,55.5234,0.0,0.7410,0.8544
5,87,54.7678,0.0,0.7594,0.8573
5,88,56.4706,0.0,0.7597,0.8484
5,89,55.7450,0.0,0.7769,0.8524
5,90,55.9464,0.0,0.7447,0.8526
5,91,57.3963,0.0,0.7631,0.8482
5,92,54.9437,0.0,0.7372,0.8571
5,93,55.7182,0.0,0.7330,0.8541
5,94,56.3148,0.0,0.7408,0.8512
5,95,56.5657,0.0,0.7491,0.8507
5,96,55.4460,0.0,0.7566,0.8534
5,97,58.0611,0.0,0.7652,0.8453
5,98,56.3000,0.0,0.7421,0.8504
5,99,57.3101,0.0,0.7444,0.8481
5,100,56.1889,0.0,0.7653,0.8513
6,0,80.5448,0.0,0.8657,0.7880
6,1,85.7016,0.0,0.8624,0.7996
6,2,88.9883,0.0,0.9096,0.7996
6,3,82.6974,0.0,0.8954,0.8199
6,4,87.5930,0.0,0.8585,0.7950
6,5,96.0022,0.0,1.0245,0.7783
6,6,87.2443,0.0,1.0004,0.8038
6,7,86.6530,0.0,0.9275,0.8124
6,8,87.8153,0.0,0.9243,0.7984
6,9,89.7154,0.0,0.8876,0.8074
6,10,84.6662,0.0,0.8587,0.8072
6,11,84.5350,0.0,0.7838,0.8211
6,12,77.9440,0.0,0.8435,0.8264
6,13,76.3931,0.0,0.8983,0.8176
6,14,91.5167,0.0,0.9594,0.8077
6,15,88.0628,0.0,0.8409,0.8211
6,16,83.8794,0.0,0.9606,0.8133
6,17,86.6710,0.0,0.9145,0.8029
6,18,82.3893,0.0,0.8206,0.8280
6,19,79.9127,0.0,0.8372,0.8281
6,20,80.6673,0.0,0.8640,0.8234
6,21,81.5598,0.0,0.8105,0.8188
6,22,75.7972,0.0,0.8118,0.8333
6,23,74.2077,0.0,0.7874,0.8233
6,24,72.3775,0.0,0.8032,0.8293
6,25,72.6644,0.0,0.8203,0.8220
6,26,71.2093,0.0,0.8803,0.8391
6,27,68.9943,0.0,0.8143,0.8413
6,28,67.7642,0.0,0.7950,0.8403
6,29,67.9697,0.0,0.8436,0.8348
6,30,66.9150,0.0,0.7648,0.8469
6,31,64.8484,0.0,0.7763,0.8472
6,32,66.1599,0.0,0.7811,0.8465
6,33,65.1200,0.0,0.7410,0.8456
6,34,62.7673,0.0,0.7725,0.8495
6,35,63.0342,0.0,0.7023,0.8492
6,36,61.9775,0.0,0.7850,0.8498
6,37,65.2644,0.0,0.7706,0.8442
6,38,67.5321,0.0,0.7393,0.8398
6,39,64.8130,0.0,0.7857,0.8433
6,40,63.5197,0.0,0.7507,0.8425
6,41,63.1267,0.0,0.7243,0.8441
6,42,60.5303,0.0,0.7241,0.8605
6,43,62.4486,0.0,0.7029,0.8520
6,44,62.9721,0.0,0.7432,0.8456
6,45,61.9897,0.0,0.7052,0.8416
6,46,61.8244,0.0,0.6916,0.8531
6,47,63.0005,0.0,0.7082,0.8490
6,48,62.0660,0.0,0.7237,0.8543
6,49,61.3886,0.0,0.7364,0.8538
6,50,60.6152,0.0,0.7349,0.8537
6,51,61.4693,0.0,0.7400,0.8547
6,52,62.6700,0.0,0.7327,0.8516
6,53,60.0615,0.0,0.7003,0.8476
6,54,60.4549,0.0,0.6949,0.8542
6,55,62.1620,0.0,0.7500,0.8392
6,56,60.9541,0.0,0.7008,0.8578
6,57,62.2104,0.0,0.7190,0.8495
6,58,61.1474,0.0,0.7923,0.8482
6,59,59.7127,0.0,0.7483,0.8592
6,60,63.5962,0.0,0.7267,0.8329
6,61,60.6955,0.0,0.6781,0.8568
6,62,60.4920,0.0,0.6765,0.8501
6,63,62.2474,0.0,0.6968,0.8492
6,64,61.5016,0.0,0.7295,0.8410
6,65,61.1953,0.0,0.7062,0.8521
6,66,62.5629,0.0,0.7161,0.8517
6,67,61.6639,0.0,0.6898,0.8538
6,68,60.6129,0.0,0.7270,0.8548
6,69,58.2908,0.0,0.6955,0.8649
6,70,62.9387,0.0,0.6844,0.8446
6,71,61.4180,0.0,0.7038,0.8477
6,72,60.8902,0.0,0.7051,0.8522
6,73,64.0679,0.0,0.7352,0.8367
6,74,61.1285,0.0,0.6950,0.8497
6,75,59.6512,0.0,0.6756,0.8603
6,76,61.3097,0.0,0.7545,0.8503
6,77,61.6467,0.0,0.7247,0.8444
6,78,61.9576,0.0,0.7226,0.8464
6,79,60.2653,0.0,0.6966,0.8567
6,80,60.4116,0.0,0.6828,0.8540
6,81,60.2980,0.0,0.6972,0.8504
6,82,61.8805,0.0,0.6907,0.8534
6,83,62.2328,0.0,0.6910,0.8414
6,84,61.7081,0.0,0.6906,0.8507
6,85,60.7703,0.0,0.7057,0.8456
6,86,61.3365,0.0,0.6909,0.8444
6,87,60.9221,0.0,0.7185,0.8532
6,88,61.9027,0.0,0.6862,0.8494
6,89,60.6402,0.0,0.7363,0.8485
6,90,60.3846,0.0,0.7096,0.8555
6,91,60.3772,0.0,0.7137,0.8500
6,92,60.3412,0.0,0.6888,0.8515
6,93,59.8764,0.0,0.7084,0.8564
6,94,61.6193,0.0,0.7497,0.8447
6,95,62.7901,0.0,0.7009,0.8440
6,96,63.3306,0.0,0.6949,0.8316
6,97,60.2010,0.0,0.6872,0.8521
6,98,63.8389,0.0,0.7311,0.8355
6,99,62.1512,0.0,0.7441,0.8431
6,100,62.2099,0.0,0.7218,0.8479
6,101,61.5672,0.0,0.7544,0.8527
6,102,62.0171,0.0,0.6895,0.8422
6,103,59.5953,0.0,0.7004,0.8563
6,104,61.3480,0.0,0.6825,0.8500
6,105,60.3729,0.0,0.6875,0.8518
6,106,62.2907,0.0,0.6730,0.8441
6,107,62.0526,0.0,0.6766,0.8455
6,108,58.8500,0.0,0.6965,0.8624
6,109,60.7010,0.0,0.6938,0.8507
6,110,59.6664,0.0,0.7033,0.8547
6,111,60.1238,0.0,0.7282,0.8520
6,112,61.6652,0.0,0.7576,0.8509
6,113,62.5127,0.0,0.7206,0.8495
6,114,59.8985,0.0,0.6831,0.8531
6,115,61.8958,0.0,0.6935,0.8461
6,116,59.5005,0.0,0.6971,0.8543
6,117,61.7800,0.0,0.6985,0.8474
6,118,59.9847,0.0,0.6823,0.8557
6,119,63.3804,0.0,0.7544,0.8372
6,120,59.7855,0.0,0.7035,0.8583
6,121,61.6537,0.0,0.7074,0.8441
6,122,62.2179,0.0,0.6985,0.8456
6,123,61.8751,0.0,0.6832,0.8533
6,124,60.8839,0.0,0.6643,0.8496
6,125,59.7961,0.0,0.7039,0.8433
6,126,59.7477,0.0,0.6995,0.8569
6,127,59.7568,0.0,0.6810,0.8566
6,128,60.5284,0.0,0.7275,0.8439
6,129,59.9249,0.0,0.6896,0.8505
6,130,60.9989,0.0,0.6783,0.8527
6,131,62.8107,0.0,0.7090,0.8475
6,132,60.8138,0.0,0.6599,0.8510
6,133,60.0053,0.0,0.7099,0.8557
6,134,58.6474,0.0,0.6806,0.8544
6,135,61.2506,0.0,0.6788,0.8505
6,136,61.1222,0.0,0.7405,0.8500
6,137,62.1030,0.0,0.7161,0.8497
6,138,60.0276,0.0,0.6949,0.8572
6,139,59.8827,0.0,0.7204,0.8474
6,140,60.3837,0.0,0.7092,0.8418
6,141,59.9448,0.0,0.6792,0.8588
6,142,61.1225,0.0,0.6961,0.8523
6,143,59.9696,0.0,0.7500,0.8559
6,144,60.8562,0.0,0.7005,0.8505
6,145,60.4341,0.0,0.6914,0.8517
6,146,59.4534,0.0,0.6975,0.8560
6,147,59.1191,0.0,0.6870,0.8581
6,148,62.5740,0.0,0.7275,0.8440
6,149,61.4218,0.0,0.7044,0.8433
6,150,63.0352,0.0,0.7054,0.8441
6,151,62.2889,0.0,0.7043,0.8365
6,152,63.0578,0.0,0.6819,0.8439
6,153,60.7796,0.0,0.6623,0.8530
6,154,61.3147,0.0,0.7086,0.8496
6,155,62.2384,0.0,0.7029,0.8415
6,156,62.5026,0.0,0.7306,0.8462
6,157,61.8371,0.0,0.7204,0.8482
6,158,61.1038,0.0,0.7065,0.8495
6,159,63.2922,0.0,0.7038,0.8466
6,160,57.6398,0.0,0.6835,0.8560
6,161,59.4354,0.0,0.7420,0.8604
6,162,61.9210,0.0,0.6850,0.8506
6,163,62.5341,0.0,0.7449,0.8350
6,164,59.0547,0.0,0.7137,0.8535
6,165,61.7908,0.0,0.7271,0.8457
6,166,63.1029,0.0,0.6994,0.8377
6,167,57.8225,0.0,0.7230,0.8654
6,168,59.6790,0.0,0.7062,0.8558
6,169,60.7329,0.0,0.6846,0.8556
6,170,62.5134,0.0,0.6875,0.8405
6,171,61.4119,0.0,0.7406,0.8510
6,172,60.9928,0.0,0.7017,0.8539
6,173,61.2089,0.0,0.7090,0.8548
6,174,62.3723,0.0,0.7132,0.8463
6,175,62.3385,0.0,0.6939,0.8496
6,176,60.5355,0.0,0.7144,0.8534
6,177,59.2752,0.0,0.7125,0.8573
6,178,61.6913,0.0,0.7092,0.8471
6,179,61.4850,0.0,0.6772,0.8516
6,180,60.2333,0.0,0.7036,0.8532
6,181,62.7860,0.0,0.6880,0.8425
6,182,60.3077,0.0,0.7191,0.8471
6,183,60.0539,0.0,0.7064,0.8526
6,184,60.9362,0.0,0.6737,0.8511
6,185,60.7228,0.0,0.6957,0.8537
6,186,61.2065,0.0,0.7162,0.8497
6,187,63.0203,0.0,0.6909,0.8444
6,188,57.9602,0.0,0.7023,0.8602
6,189,60.7753,0.0,0.7098,0.8518
6,190,61.0233,0.0,0.7012,0.8523
6,191,60.4864,0.0,0.6956,0.8469
6,192,59.4341,0.0,0.7128,0.8583
6,193,59.8288,0.0,0.6598,0.8573
6,194,59.9766,0.0,0.6924,0.8574
6,195,60.2420,0.0,0.7054,0.8447
6,196,60.6391,0.0,0.6805,0.8534
6,197,59.8796,0.0,0.6787,0.8461
6,198,60.1984,0.0,0.7264,0.8489
6,199,59.7091,0.0,0.7151,0.8562
7,0,79.4982,0.0,1.2976,0.7879
7,1,86.9744,0.0,1.0725,0.8047
7,2,78.6726,0.0,1.0108,0.8482
7,3,80.5386,0.0,1.1089,0.8146
7,4,92.5052,0.0,1.6029,0.8083
7,5,85.5922,0.0,1.9360,0.8337
7,6,84.8528,0.0,1.0880,0.8284
7,7,81.7873,0.0,1.2668,0.8256
7,8,80.9683,0.0,1.0815,0.8344
7,9,78.3732,0.0,0.9638,0.8385
7,10,78.9032,0.0,1.1580,0.8397
7,11,76.5192,0.0,0.9975,0.8462
7,12,81.4734,0.0,1.4676,0.8191
7,13,88.7216,0.0,1.1284,0.7976
7,14,86.2546,0.0,1.0918,0.8294
7,15,80.1191,0.0,1.0881,0.8479
7,16,83.0944,0.0,0.9244,0.8352
7,17,80.5364,0.0,1.0715,0.8264
7,18,82.0593,0.0,1.1203,0.8444
7,19,80.2840,0.0,1.0457,0.8445
7,20,77.4398,0.0,1.0381,0.8481
7,21,76.3882,0.0,1.0340,0.8541
7,22,73.3926,0.0,1.0503,0.8468
7,23,80.1708,0.0,0.9564,0.8395
7,24,75.6626,0.0,0.9555,0.8464
7,25,75.2619,0.0,0.9075,0.8526
7,26,70.0993,0.0,0.7961,0.8321
7,27,71.8114,0.0,0.9837,0.8475
7,28,64.7623,0.0,0.9164,0.8686
7,29,66.2649,0.0,0.9240,0.8680
7,30,66.8415,0.0,0.7935,0.8590
7,31,60.6031,0.0,0.9971,0.8769
7,32,64.0585,0.0,1.1859,0.8692
7,33,62.4819,0.0,0.8225,0.8710
7,34,67.1011,0.0,1.1555,0.8573
7,35,64.2592,0.0,0.9389,0.8574
7,36,58.2785,0.0,0.8941,0.8734
7,37,60.1493,0.0,0.9627,0.8733
7,38,62.0017,0.0,0.8905,0.8693
7,39,61.6591,0.0,0.8735,0.8661
7,40,61.1413,0.0,0.9359,0.8674
7,41,60.6119,0.0,0.8421,0.8717
7,42,63.1467,0.0,0.8394,0.8598
7,43,64.7599,0.0,0.9896,0.8615
7,44,60.4760,0.0,0.8908,0.8723
7,45,60.8595,0.0,0.9440,0.8595
7,46,64.6753,0.0,0.9527,0.8491
7,47,61.2522,0.0,0.9010,0.8693
7,48,59.6704,0.0,0.8785,0.8698
7,49,65.0995,0.0,0.8415,0.8605
7,50,61.7262,0.0,1.1294,0.8647
7,51,61.0588,0.0,0.8251,0.8707
7,52,59.2592,0.0,0.8581,0.8669
7,53,63.7193,0.0,0.8622,0.8537
7,54,61.7091,0.0,0.9063,0.8698
7,55,59.0121,0.0,0.8359,0.8795
7,56,64.9839,0.0,0.9191,0.8536
7,57,62.3157,0.0,0.8168,0.8577
7,58,64.8218,0.0,0.8087,0.8332
7,59,61.5524,0.0,1.0486,0.8708
7,60,63.4037,0.0,0.9052,0.8584
7,61,64.2303,0.0,0.7964,0.8550
7,62,57.7132,0.0,0.8792,0.8845
7,63,60.1640,0.0,2.1149,0.8563
7,64,61.3756,0.0,1.0606,0.8660
7,65,61.3315,0.0,0.9490,0.8651
7,66,58.8149,0.0,0.8838,0.8689
7,67,62.2385,0.0,0.8131,0.8636
7,68,60.0754,0.0,0.7898,0.8655
7,69,61.5377,0.0,0.7618,0.8610
7,70,60.7713,0.0,1.1586,0.8747
7,71,63.2253,0.0,0.8518,0.8061
7,72,66.6875,0.0,0.7791,0.8357
7,73,59.2677,0.0,0.9909,0.8727
7,74,63.3646,0.0,0.7698,0.8575
7,75,58.9833,0.0,0.8471,0.8784
7,76,63.4546,0.0,0.9233,0.8613
7,77,61.7992,0.0,0.8592,0.8676
7,78,60.5021,0.0,0.8554,0.8477
7,79,59.7869,0.0,1.4183,0.8741
7,80,63.1105,0.0,0.8651,0.8566
7,81,62.8396,0.0,0.8998,0.8656
7,82,61.9402,0.0,0.8937,0.8615
7,83,63.0687,0.0,0.7977,0.8383
7,84,60.6168,0.0,0.7935,0.8743
7,85,58.6340,0.0,0.9428,0.8697
7,86,64.9898,0.0,0.8538,0.8542
7,87,58.9752,0.0,0.9756,0.8773
7,88,63.6125,0.0,1.0050,0.8659
7,89,61.7758,0.0,0.7694,0.8655
7,90,64.3264,0.0,0.8930,0.8601
7,91,61.6341,0.0,0.9730,0.8614
7,92,61.9774,0.0,0.8810,0.8588
7,93,60.3498,0.0,0.8953,0.8447
7,94,61.4805,0.0,1.1877,0.8632
7,95,61.0805,0.0,0.8328,0.8653
7,96,66.2065,0.0,0.8405,0.8439
7,97,62.7570,0.0,0.8941,0.8584
7,98,60.6835,0.0,1.0132,0.8543
7,99,61.0162,0.0,0.8957,0.8690
7,100,61.9983,0.0,0.7902,0.8677
8,0,94.6138,0.0,0.8544,0.7689
8,1,91.4595,0.0,0.9187,0.8031
8,2,88.8846,0.0,0.8614,0.8193
8,3,87.4591,0.0,0.8465,0.8215
8,4,85.6178,0.0,0.9102,0.8290
8,5,83.7775,0.0,0.7635,0.8246
8,6,82.8480,0.0,0.9276,0.8300
8,7,80.8630,0.0,0.9481,0.8391
8,8,79.3465,0.0,0.8931,0.8415
8,9,80.5623,0.0,0.8716,0.8357
8,10,80.1253,0.0,0.9050,0.8390
8,11,81.3745,0.0,0.8906,0.8324
8,12,80.7537,0.0,0.8288,0.8385
8,13,76.6869,0.0,0.8633,0.8493
8,14,80.8424,0.0,0.7986,0.8390
8,15,79.4599,0.0,0.8324,0.8412
8,16,80.9731,0.0,0.7757,0.8363
8,17,78.0787,0.0,0.8785,0.8503
8,18,75.4900,0.0,0.9236,0.8518
8,19,77.2182,0.0,0.8020,0.8435
8,20,73.7321,0.0,0.8905,0.8550
8,21,80.3964,0.0,0.8279,0.8357
8,22,82.2211,0.0,0.7823,0.8381
8,23,76.8812,0.0,0.8578,0.8491
8,24,84.0002,0.0,0.8385,0.8237
8,25,75.0779,0.0,0.8901,0.8597
8,26,72.7615,0.0,0.7248,0.8588
8,27,70.5080,0.0,0.7759,0.8611
8,28,71.0784,0.0,0.8360,0.8541
8,29,70.9702,0.0,0.7630,0.8539
8,30,68.4508,0.0,0.7374,0.8593
8,31,66.5464,0.0,0.7546,0.8625
8,32,70.8406,0.0,0.7890,0.8501
8,33,69.2210,0.0,0.7690,0.8538
8,34,65.3973,0.0,0.8043,0.8600
8,35,65.5860,0.0,0.7857,0.8652
8,36,66.9051,0.0,0.7768,0.8599
8,37,65.9738,0.0,0.8209,0.8630
8,38,65.9942,0.0,0.8299,0.8614
8,39,64.5505,0.0,0.7578,0.8657
8,40,62.3190,0.0,0.7578,0.8745
8,41,66.3140,0.0,0.7569,0.8594
8,42,63.9032,0.0,0.7853,0.8725
8,43,63.8128,0.0,0.7339,0.8688
8,44,64.9906,0.0,0.7180,0.8668
8,45,66.5955,0.0,0.7877,0.8550
8,46,64.7974,0.0,0.7869,0.8659
8,47,67.4812,0.0,0.7201,0.8614
8,48,65.1816,0.0,0.7488,0.8650
8,49,64.2270,0.0,0.8009,0.8667
8,50,64.9057,0.0,0.7670,0.8656
8,51,64.7383,0.0,0.7285,0.8636
8,52,64.7680,0.0,0.7408,0.8612
8,53,64.8723,0.0,0.6881,0.8625
8,54,63.9326,0.0,0.7490,0.8686
8,55,61.1560,0.0,0.7432,0.8723
8,56,63.9113,0.0,0.7672,0.8640
8,57,61.2293,0.0,0.7296,0.8762
8,58,65.3706,0.0,0.7784,0.8602
8,59,58.2800,0.0,0.7610,0.8843
8,60,62.1404,0.0,0.7660,0.8628
8,61,61.3281,0.0,0.7366,0.8731
8,62,58.6920,0.0,0.7650,0.8806
8,63,61.6551,0.0,0.7454,0.8710
8,64,61.0918,0.0,0.7343,0.8701
8,65,62.8436,0.0,0.7763,0.8682
8,66,61.2671,0.0,0.7368,0.8709
8,67,61.5931,0.0,0.7435,0.8709
8,68,60.0512,0.0,0.7477,0.8770
8,69,60.4189,0.0,0.7239,0.8760
8,70,59.3691,0.0,0.7666,0.8772
8,71,62.5444,0.0,0.7349,0.8648
8,72,62.0546,0.0,0.7307,0.8680
8,73,59.5738,0.0,0.7401,0.8774
8,74,60.3905,0.0,0.7586,0.8761
8,75,60.4267,0.0,0.7385,0.8743
8,76,61.1330,0.0,0.7437,0.8735
8,77,61.8911,0.0,0.7519,0.8714
8,78,58.0527,0.0,0.7170,0.8838
8,79,62.2372,0.0,0.7340,0.8671
8,80,60.5420,0.0,0.7532,0.8753
8,81,61.3633,0.0,0.8009,0.8701
8,82,59.6030,0.0,0.7120,0.8769
8,83,62.8952,0.0,0.7513,0.8668
8,84,60.3951,0.0,0.7202,0.8662
8,85,63.4713,0.0,0.7121,0.8647
8,86,60.4346,0.0,0.7918,0.8737
8,87,63.4670,0.0,0.7630,0.8615
8,88,58.1591,0.0,0.7542,0.8779
8,89,59.2592,0.0,0.7523,0.8791
8,90,61.1118,0.0,0.7658,0.8701
8,91,60.1137,0.0,0.7358,0.8759
8,92,58.3420,0.0,0.7755,0.8798
8,93,65.3381,0.0,0.7711,0.8557
8,94,62.1099,0.0,0.7174,0.8689
8,95,60.6391,0.0,0.7428,0.8744
8,96,60.4104,0.0,0.7462,0.8735
8,97,60.7935,0.0,0.7612,0.8735
8,98,62.2135,0.0,0.7880,0.8695
8,99,62.5686,0.0,0.7567,0.8711
8,100,64.4246,0.0,0.7358,0.8613
8,101,61.1618,0.0,0.7216,0.8730
8,102,60.0439,0.0,0.7278,0.8763
8,103,61.4456,0.0,0.7614,0.8713
8,104,59.1078,0.0,0.7667,0.8796
8,105,62.8385,0.0,0.7763,0.8641
8,106,63.2278,0.0,0.8236,0.8667
8,107,62.4950,0.0,0.7587,0.8652
8,108,60.3926,0.0,0.7480,0.8740
8,109,62.1425,0.0,0.7612,0.8667
8,110,59.5547,0.0,0.7451,0.8753
8,111,63.2746,0.0,0.7566,0.8661
8,112,60.2581,0.0,0.7415,0.8747
8,113,59.6628,0.0,0.8045,0.8781
8,114,61.3411,0.0,0.7743,0.8720
8,115,62.4935,0.0,0.7721,0.8637
8,116,63.4013,0.0,0.7691,0.8625
8,117,64.4012,0.0,0.7315,0.8642
8,118,61.1847,0.0,0.7296,0.8725
8,119,60.9848,0.0,0.7123,0.8711
8,120,60.6645,0.0,0.7901,0.8758
8,121,60.3837,0.0,0.7552,0.8776
8,122,61.6320,0.0,0.7496,0.8733
8,123,60.5808,0.0,0.7343,0.8725
8,124,60.4936,0.0,0.7497,0.8732
8,125,61.8998,0.0,0.7806,0.8609
8,126,59.2249,0.0,0.7530,0.8793
8,127,61.1201,0.0,0.7262,0.8703
8,128,63.7089,0.0,0.7616,0.8600
8,129,61.4957,0.0,0.7791,0.8697
8,130,65.3068,0.0,0.7295,0.8546
8,131,61.5165,0.0,0.7883,0.8713
8,132,59.5156,0.0,0.7681,0.8772
8,133,61.5355,0.0,0.7520,0.8714
8,134,62.5760,0.0,0.7535,0.8651
8,135,61.5645,0.0,0.7670,0.8713
8,136,59.5350,0.0,0.7193,0.8773
8,137,61.5827,0.0,0.7502,0.8718
8,138,62.2483,0.0,0.7796,0.8667
8,139,64.2857,0.0,0.7391,0.8618
8,140,61.0691,0.0,0.7704,0.8701
8,141,62.3685,0.0,0.7450,0.8703
8,142,61.2644,0.0,0.7439,0.8732
8,143,60.9263,0.0,0.7497,0.8754
8,144,56.9059,0.0,0.7903,0.8859
8,145,61.1158,0.0,0.7338,0.8714
8,146,62.9828,0.0,0.7286,0.8665
8,147,63.5096,0.0,0.7556,0.8626
8,148,59.5493,0.0,0.7704,0.8759
8,149,60.7674,0.0,0.7013,0.8753
8,150,60.4305,0.0,0.7240,0.8764
8,151,61.1088,0.0,0.7862,0.8736
8,152,62.5248,0.0,0.7437,0.8673
8,153,60.5807,0.0,0.7470,0.8741
8,154,58.0633,0.0,0.7974,0.8836
8,155,63.4414,0.0,0.7569,0.8609
8,156,62.6582,0.0,0.7344,0.8656
8,157,60.5695,0.0,0.7618,0.8719
8,158,60.2491,0.0,0.7256,0.8729
8,159,63.1535,0.0,0.7779,0.8667
8,160,62.5142,0.0,0.7590,0.8663
8,161,63.8680,0.0,0.7413,0.8647
8,162,60.5420,0.0,0.7720,0.8732
8,163,60.5589,0.0,0.7655,0.8765
8,164,58.2164,0.0,0.7297,0.8814
8,165,61.2983,0.0,0.7417,0.8747
8,166,60.2867,0.0,0.7398,0.8775
8,167,60.7808,0.0,0.7793,0.8754
8,168,57.8691,0.0,0.7169,0.8840
8,169,60.9172,0.0,0.7733,0.8727
8,170,60.8003,0.0,0.7391,0.8765
8,171,61.7446,0.0,0.7503,0.8689
8,172,58.9504,0.0,0.7844,0.8789
8,173,58.6851,0.0,0.7806,0.8790
8,174,58.4290,0.0,0.7391,0.8809
8,175,61.8841,0.0,0.7512,0.8739
8,176,60.7426,0.0,0.7485,0.8726
8,177,60.1346,0.0,0.7915,0.8723
8,178,59.4031,0.0,0.7371,0.8782
8,179,58.4204,0.0,0.7562,0.8801
8,180,61.3927,0.0,0.7288,0.8719
8,181,62.3777,0.0,0.7208,0.8668
8,182,61.8908,0.0,0.7724,0.8693
8,183,61.5465,0.0,0.7384,0.8710
8,184,60.9604,0.0,0.7308,0.8720
8,185,61.0456,0.0,0.7115,0.8742
8,186,61.9442,0.0,0.7068,0.8708
8,187,61.5605,0.0,0.7432,0.8694
8,188,62.7133,0.0,0.7400,0.8672
8,189,63.6100,0.0,0.7236,0.8635
8,190,65.7061,0.0,0.7797,0.8564
8,191,61.6447,0.0,0.7598,0.8695
8,192,62.1494,0.0,0.7503,0.8647
8,193,59.5853,0.0,0.7343,0.8819
8,194,62.1120,0.0,0.7489,0.8663
8,195,60.7089,0.0,0.7229,0.8727
8,196,61.2238,0.0,0.7209,0.8718
8,197,62.6655,0.0,0.7452,0.8687
8,198,60.5841,0.0,0.7316,0.8748
8,199,64.0847,0.0,0.7481,0.8650
9,0,126.3468,0.0,1.3114,0.7730
9,1,117.4920,0.0,1.2192,0.8192
9,2,120.0705,0.0,1.0914,0.8151
9,3,118.5096,0.0,1.1625,0.8263
9,4,108.7168,0.0,1.1131,0.8343
9,5,109.7793,0.0,1.1294,0.8357
9,6,110.9451,0.0,1.0842,0.8366
9,7,104.3745,0.0,1.0697,0.8387
9,8,102.5861,0.0,1.0878,0.8445
9,9,100.4708,0.0,1.1187,0.8387
9,10,103.4461,0.0,1.1233,0.8406
9,11,102.8054,0.0,1.1367,0.8426
9,12,104.7698,0.0,1.0170,0.8433
9,13,101.7704,0.0,1.0559,0.8467
9,14,109.7295,0.0,1.0431,0.8306
9,15,106.5892,0.0,1.0099,0.8390
9,16,107.7413,0.0,1.0017,0.8387
9,17,104.0954,0.0,1.1641,0.8422
9,18,104.3913,0.0,1.0917,0.8394
9,19,101.4194,0.0,0.9880,0.8467
9,20,104.4153,0.0,1.0598,0.8414
9,21,102.5159,0.0,1.0941,0.8471
9,22,100.5233,0.0,1.0350,0.8493
9,23,101.9700,0.0,1.0646,0.8467
9,24,99.9581,0.0,1.1818,0.8439
9,25,99.3760,0.0,1.1151,0.8523
9,26,98.8743,0.0,1.0797,0.8463
9,27,104.3535,0.0,1.0819,0.8482
9,28,100.2557,0.0,1.0738,0.8474
9,29,92.8843,0.0,1.1332,0.8553
9,30,89.3208,0.0,0.9994,0.8626
9,31,84.9905,0.0,0.9770,0.8696
9,32,87.3821,0.0,1.0261,0.8597
9,33,84.3704,0.0,1.0128,0.8666
9,34,82.4083,0.0,0.9859,0.8737
9,35,83.5856,0.0,1.0347,0.8675
9,36,85.3605,0.0,1.0493,0.8637
9,37,84.0116,0.0,1.0326,0.8657
9,38,82.4077,0.0,0.9512,0.8633
9,39,81.3134,0.0,1.0154,0.8711
9,40,84.5648,0.0,0.9617,0.8639
9,41,82.3148,0.0,0.9205,0.8641
9,42,81.0577,0.0,0.9814,0.8725
9,43,84.0394,0.0,0.9670,0.8635
9,44,78.2565,0.0,0.9677,0.8724
9,45,83.2106,0.0,0.9254,0.8613
9,46,80.5744,0.0,0.9490,0.8687
9,47,77.1234,0.0,1.0018,0.8761
9,48,81.5331,0.0,0.9492,0.8697
9,49,77.9810,0.0,1.0185,0.8753
9,50,75.7070,0.0,0.9582,0.8789
9,51,80.5576,0.0,0.9363,0.8636
9,52,78.2353,0.0,0.9134,0.8756
9,53,78.1861,0.0,0.9430,0.8699
9,54,82.6031,0.0,0.9630,0.8624
9,55,78.2469,0.0,0.9205,0.8728
9,56,75.5177,0.0,0.9241,0.8734
9,57,78.3478,0.0,0.9837,0.8744
9,58,77.7528,0.0,0.9190,0.8756
9,59,78.0183,0.0,0.9865,0.8720
9,60,78.8263,0.0,0.9262,0.8717
9,61,79.3594,0.0,0.9833,0.8688
9,62,80.5151,0.0,0.9414,0.8662
9,63,79.4623,0.0,0.9253,0.8693
9,64,81.0310,0.0,0.9705,0.8637
9,65,77.5431,0.0,0.9557,0.8751
9,66,76.2606,0.0,0.9079,0.8785
9,67,74.5558,0.0,0.9909,0.8788
9,68,79.9478,0.0,0.9590,0.8661
9,69,77.7880,0.0,0.9809,0.8762
9,70,77.7018,0.0,0.9877,0.8749
9,71,76.3895,0.0,0.9455,0.8769
9,72,80.0918,0.0,0.9385,0.8683
9,73,80.0167,0.0,0.9243,0.8668
9,74,76.6801,0.0,0.9286,0.8756
9,75,77.3509,0.0,0.9561,0.8752
9,76,77.0070,0.0,0.9897,0.8751
9,77,77.6438,0.0,0.9743,0.8703
9,78,76.5360,0.0,0.9295,0.8745
9,79,78.1759,0.0,0.9371,0.8716
9,80,76.8137,0.0,0.9396,0.8759
9,81,79.0032,0.0,0.9085,0.8728
9,82,76.7461,0.0,0.9494,0.8746
9,83,78.7030,0.0,0.9142,0.8695
9,84,77.2431,0.0,0.9596,0.8754
9,85,75.9748,0.0,0.9576,0.8749
9,86,79.6161,0.0,0.9554,0.8688
9,87,76.5489,0.0,0.9200,0.8773
9,88,76.9927,0.0,0.9851,0.8749
9,89,78.6077,0.0,0.9730,0.8685
9,90,74.3814,0.0,0.9589,0.8827
9,91,79.4532,0.0,0.9349,0.8676
9,92,77.6143,0.0,0.9106,0.8736
9,93,78.8417,0.0,0.9617,0.8695
9,94,76.9494,0.0,0.9863,0.8740
9,95,79.6324,0.0,0.9556,0.8680
9,96,79.1624,0.0,0.9428,0.8707
9,97,76.2422,0.0,0.9227,0.8745
9,98,78.1681,0.0,0.9293,0.8739
9,99,79.8093,0.0,0.9452,0.8688
9,100,77.0724,0.0,0.9741,0.8743
