training_exp,epoch,lr,Loss_Epoch,RelativeDistance_Epoch,R2Score_Epoch
0,0,0.002,336.9958,1.0800,-0.3350
0,1,0.002,260.9328,2.1973,-0.0216
0,2,0.002,211.8904,3.9245,0.0713
0,3,0.002,195.2963,3.9849,0.1636
0,4,0.002,179.5251,3.5528,0.2116
0,5,0.002,168.2149,3.7825,0.2619
0,6,0.002,160.1025,3.8404,0.2949
0,7,0.002,153.0320,3.5383,0.3289
0,8,0.002,146.8551,3.4488,0.3646
0,9,0.002,142.2978,3.2998,0.3892
0,10,0.002,137.9495,3.0979,0.4149
0,11,0.002,134.6202,2.9368,0.4330
0,12,0.002,130.6191,2.8387,0.4524
0,13,0.002,128.0215,2.6956,0.4644
0,14,0.002,124.7266,2.5495,0.4776
0,15,0.002,122.4720,2.4588,0.4925
0,16,0.002,119.6222,2.2918,0.5055
0,17,0.002,117.2976,2.2312,0.5123
0,18,0.002,114.0127,2.1055,0.5261
0,19,0.002,111.6760,2.0407,0.5357
0,20,0.002,110.0858,1.9652,0.5427
0,21,0.002,108.3541,1.9040,0.5482
0,22,0.002,105.0849,1.8727,0.5636
0,23,0.002,103.3119,1.7813,0.5720
0,24,0.002,100.8803,1.8083,0.5826
0,25,0.002,99.8776,1.6871,0.5864
0,26,0.002,97.1570,1.7219,0.5970
0,27,0.002,95.8573,1.6888,0.6058
0,28,0.002,95.1010,1.6698,0.6082
0,29,0.002,92.6341,1.6599,0.6193
0,30,0.002,90.9579,1.6322,0.6252
0,31,0.002,89.4401,1.6448,0.6307
0,32,0.002,89.0909,1.6013,0.6325
0,33,0.002,87.0313,1.6029,0.6413
0,34,0.002,86.3169,1.5979,0.6420
0,35,0.002,84.9397,1.5768,0.6500
0,36,0.002,84.1723,1.5769,0.6546
0,37,0.002,82.9795,1.5627,0.6620
0,38,0.002,81.5994,1.5724,0.6641
0,39,0.002,81.2622,1.5174,0.6659
0,40,0.002,80.1231,1.5207,0.6685
0,41,0.002,80.1302,1.5437,0.6693
0,42,0.002,78.8189,1.4711,0.6750
0,43,0.002,76.7640,1.4925,0.6825
0,44,0.002,77.1070,1.4544,0.6796
0,45,0.002,76.2058,1.4284,0.6873
0,46,0.002,74.2910,1.3882,0.6948
0,47,0.002,74.0526,1.3903,0.6948
0,48,0.002,73.0049,1.4336,0.6964
0,49,0.002,72.7977,1.3962,0.6983
0,50,0.002,71.3711,1.3776,0.7050
0,51,0.002,70.4216,1.3823,0.7079
0,52,0.002,70.1682,1.4083,0.7075
0,53,0.002,69.6082,1.3660,0.7127
0,54,0.002,69.0259,1.3525,0.7154
0,55,0.002,69.9024,1.3814,0.7103
0,56,0.002,68.7942,1.3564,0.7132
0,57,0.002,68.7342,1.3621,0.7127
0,58,0.002,67.3653,1.3447,0.7192
0,59,0.002,67.9087,1.3051,0.7172
0,60,0.002,66.3785,1.3264,0.7219
0,61,0.002,67.3280,1.3207,0.7184
0,62,0.002,66.2451,1.3049,0.7232
0,63,0.002,64.0164,1.3368,0.7324
0,64,0.002,64.8175,1.3079,0.7291
0,65,0.002,64.5363,1.2651,0.7294
0,66,0.002,63.9126,1.2719,0.7336
0,67,0.002,64.0561,1.2952,0.7309
0,68,0.002,63.4277,1.2722,0.7326
0,69,0.002,62.8009,1.2960,0.7366
0,70,0.002,62.1372,1.2796,0.7380
0,71,0.002,62.1970,1.2699,0.7378
0,72,0.002,62.6858,1.2558,0.7358
0,73,0.002,62.2527,1.2653,0.7396
0,74,0.002,60.7280,1.2712,0.7455
0,75,0.002,61.1218,1.2534,0.7442
0,76,0.002,60.5299,1.2847,0.7476
0,77,0.002,61.2767,1.2651,0.7409
0,78,0.002,60.2152,1.2380,0.7465
0,79,0.002,60.0685,1.2677,0.7466
0,80,0.002,60.1592,1.2492,0.7445
0,81,0.002,58.3720,1.2146,0.7530
0,82,0.002,58.2617,1.2118,0.7555
0,83,0.002,59.4887,1.2142,0.7484
0,84,0.002,58.6381,1.2207,0.7502
0,85,0.002,58.1159,1.2409,0.7568
0,86,0.002,58.1482,1.2266,0.7545
0,87,0.002,57.8738,1.2488,0.7540
0,88,0.002,57.4013,1.2263,0.7570
0,89,0.002,57.5626,1.2091,0.7582
0,90,0.002,57.0861,1.2339,0.7608
0,91,0.002,57.4857,1.2310,0.7564
0,92,0.002,56.8414,1.2243,0.7598
0,93,0.002,56.5025,1.1946,0.7610
0,94,0.002,56.4961,1.2136,0.7583
0,95,0.002,55.7715,1.1871,0.7634
0,96,0.002,55.5890,1.2113,0.7639
0,97,0.002,55.4132,1.2097,0.7640
0,98,0.002,55.4673,1.1839,0.7637
0,99,0.002,55.1858,1.1565,0.7651
0,100,0.002,55.2585,1.1896,0.7660
0,101,0.002,54.6567,1.2363,0.7663
0,102,0.002,54.8173,1.1359,0.7659
0,103,0.002,54.3920,1.1995,0.7695
0,104,0.002,54.0510,1.2056,0.7695
0,105,0.002,53.3711,1.1619,0.7732
0,106,0.002,53.8158,1.1314,0.7720
0,107,0.002,53.9553,1.1543,0.7715
0,108,0.002,54.0312,1.1886,0.7684
0,109,0.002,53.8617,1.1419,0.7709
0,110,0.002,52.6214,1.1396,0.7774
0,111,0.002,53.6892,1.1556,0.7734
0,112,0.002,52.8964,1.1512,0.7749
0,113,0.002,52.5732,1.1335,0.7771
0,114,0.002,52.1936,1.1700,0.7782
0,115,0.002,52.2517,1.1487,0.7787
0,116,0.002,52.5085,1.1510,0.7762
0,117,0.002,52.0978,1.1552,0.7783
0,118,0.002,51.7888,1.1626,0.7787
0,119,0.002,51.6171,1.1435,0.7797
0,120,0.002,51.9952,1.1670,0.7783
0,121,0.002,51.7536,1.1426,0.7814
0,122,0.002,51.3658,1.1412,0.7822
0,123,0.002,51.4789,1.1397,0.7809
0,124,0.002,50.9859,1.1357,0.7836
0,125,0.002,51.5419,1.1444,0.7788
0,126,0.002,51.2283,1.1428,0.7807
0,127,0.002,50.6155,1.1561,0.7826
0,128,0.002,50.3027,1.1465,0.7850
0,129,0.002,50.2428,1.1266,0.7869
0,130,0.002,50.5831,1.1325,0.7838
0,131,0.002,50.1298,1.1528,0.7854
0,132,0.002,49.7817,1.1269,0.7878
0,133,0.002,50.2648,1.1531,0.7859
0,134,0.002,50.0729,1.0981,0.7868
0,135,0.002,49.8779,1.1249,0.7881
0,136,0.002,49.6933,1.1255,0.7885
0,137,0.002,49.4581,1.1136,0.7877
0,138,0.002,49.5991,1.1275,0.7879
0,139,0.002,49.3817,1.1158,0.7876
0,140,0.002,48.8864,1.0652,0.7910
0,141,0.002,49.3672,1.1217,0.7901
0,142,0.002,49.7677,1.0822,0.7872
0,143,0.002,49.0742,1.1182,0.7881
0,144,0.002,49.1201,1.1001,0.7906
0,145,0.002,48.0048,1.0979,0.7949
0,146,0.002,49.0618,1.1056,0.7901
0,147,0.002,48.8196,1.0990,0.7917
0,148,0.002,48.0944,1.0849,0.7943
0,149,0.002,48.5607,1.0850,0.7924
0,150,0.002,48.2750,1.0902,0.7954
0,151,0.002,48.8584,1.0724,0.7910
0,152,0.002,47.5374,1.1313,0.7962
0,153,0.002,48.7588,1.0796,0.7925
0,154,0.002,47.9110,1.0550,0.7947
0,155,0.002,47.9003,1.0899,0.7959
0,156,0.002,47.3553,1.1233,0.7952
0,157,0.002,47.5201,1.0834,0.7975
0,158,0.002,47.2234,1.1032,0.7984
0,159,0.002,47.1657,1.0754,0.7992
0,160,0.002,46.5328,1.0784,0.7999
0,161,0.002,47.4195,1.0591,0.7965
0,162,0.002,46.7930,1.0587,0.7996
0,163,0.002,46.0656,1.0700,0.8014
0,164,0.002,47.0308,1.0824,0.7988
0,165,0.002,46.7156,1.0538,0.8001
0,166,0.002,47.2711,1.0960,0.7955
0,167,0.002,47.0278,1.0696,0.7975
0,168,0.002,46.1432,1.0817,0.8031
0,169,0.002,46.1171,1.0817,0.8020
0,170,0.002,47.0473,1.0610,0.7961
0,171,0.002,46.8581,1.0460,0.7993
0,172,0.001,46.6588,1.0695,0.8008
0,173,0.001,46.0283,1.0847,0.8033
0,174,0.001,45.7821,1.0660,0.8020
0,175,0.001,46.1388,1.0536,0.8030
0,176,0.001,46.5095,1.0811,0.7996
0,177,0.001,46.2088,1.0840,0.8024
0,178,0.001,46.1569,1.0499,0.8014
0,179,0.001,45.3712,1.0727,0.8067
0,180,0.001,45.8472,1.0691,0.8020
0,181,0.001,45.3507,1.0748,0.8042
0,182,0.001,46.1095,1.0750,0.8016
0,183,0.001,45.3239,1.0759,0.8041
0,184,0.001,45.2106,1.0426,0.8041
0,185,0.001,45.3021,1.0603,0.8070
0,186,0.001,45.4844,1.0566,0.8059
0,187,0.001,45.7261,1.0852,0.8043
0,188,0.001,45.1436,1.0891,0.8054
0,189,0.001,45.9540,1.0755,0.8030
0,190,0.001,44.8057,1.0302,0.8079
0,191,0.001,44.6721,1.0466,0.8095
0,192,0.001,45.4329,1.0644,0.8066
0,193,0.001,45.4764,1.0549,0.8044
0,194,0.001,44.9257,1.0430,0.8070
0,195,0.001,45.1032,1.0721,0.8056
0,196,0.001,45.1661,1.0444,0.8046
0,197,0.001,44.5447,1.0705,0.8086
0,198,0.001,44.6826,1.0579,0.8066
0,199,0.001,44.7730,1.0936,0.8085
1,0,0.002,54.5865,1.1473,0.7834
1,1,0.002,43.6928,0.9692,0.8215
1,2,0.002,40.2344,0.9745,0.8332
1,3,0.002,38.1549,0.9090,0.8397
1,4,0.002,36.6262,0.8840,0.8460
1,5,0.002,35.6446,0.8698,0.8497
1,6,0.002,34.7353,0.8779,0.8532
1,7,0.002,34.0426,0.8755,0.8561
1,8,0.002,33.5159,0.8459,0.8581
1,9,0.002,33.0279,0.8571,0.8603
1,10,0.002,32.6121,0.8486,0.8616
1,11,0.002,32.2646,0.8522,0.8630
1,12,0.002,31.8756,0.8335,0.8646
1,13,0.002,31.6694,0.8275,0.8654
1,14,0.002,31.2970,0.8446,0.8668
1,15,0.002,31.0603,0.8088,0.8681
1,16,0.002,30.7904,0.8309,0.8693
1,17,0.002,30.4979,0.8112,0.8703
1,18,0.002,30.2843,0.8170,0.8713
1,19,0.002,30.0597,0.8135,0.8724
1,20,0.002,29.9514,0.8036,0.8719
1,21,0.002,29.8744,0.8097,0.8728
1,22,0.002,29.5955,0.8022,0.8741
1,23,0.002,29.3967,0.7991,0.8750
1,24,0.002,29.1842,0.7923,0.8755
1,25,0.002,29.0285,0.7954,0.8764
1,26,0.002,28.8815,0.7981,0.8767
1,27,0.002,28.6968,0.7811,0.8774
1,28,0.002,28.4887,0.7909,0.8787
1,29,0.002,28.3443,0.7781,0.8788
1,30,0.002,28.2608,0.7864,0.8795
1,31,0.002,28.1442,0.7677,0.8801
1,32,0.002,28.0611,0.7802,0.8804
1,33,0.002,27.9337,0.7739,0.8806
1,34,0.002,27.7288,0.7750,0.8818
1,35,0.002,27.6461,0.7631,0.8816
1,36,0.002,27.4757,0.7765,0.8828
1,37,0.002,27.3984,0.7605,0.8829
1,38,0.002,27.2641,0.7576,0.8835
1,39,0.002,27.2097,0.7703,0.8841
1,40,0.002,27.0619,0.7546,0.8848
1,41,0.002,26.7996,0.7640,0.8858
1,42,0.002,26.7132,0.7481,0.8859
1,43,0.002,26.6860,0.7525,0.8859
1,44,0.002,26.8029,0.7465,0.8853
1,45,0.002,26.6417,0.7555,0.8860
1,46,0.002,26.3945,0.7482,0.8876
1,47,0.002,26.3885,0.7484,0.8873
1,48,0.002,26.2545,0.7436,0.8880
1,49,0.002,26.0892,0.7395,0.8883
1,50,0.002,25.9590,0.7355,0.8892
1,51,0.002,25.8367,0.7398,0.8897
1,52,0.002,25.7916,0.7393,0.8898
1,53,0.002,25.6978,0.7349,0.8904
1,54,0.002,25.6280,0.7258,0.8903
1,55,0.002,25.5502,0.7337,0.8908
1,56,0.002,25.4712,0.7257,0.8914
1,57,0.002,25.4426,0.7312,0.8914
1,58,0.002,25.3529,0.7207,0.8916
1,59,0.002,25.2135,0.7297,0.8921
1,60,0.002,25.1197,0.7209,0.8928
1,61,0.002,25.1048,0.7202,0.8929
1,62,0.002,24.9622,0.7151,0.8933
1,63,0.002,24.9948,0.7228,0.8932
1,64,0.002,24.9187,0.7161,0.8937
1,65,0.002,24.8975,0.7155,0.8937
1,66,0.002,24.7462,0.7150,0.8943
1,67,0.002,24.6874,0.7118,0.8943
1,68,0.002,24.6340,0.7140,0.8946
1,69,0.002,24.5523,0.7045,0.8951
1,70,0.002,24.5665,0.7163,0.8950
1,71,0.002,24.6586,0.7034,0.8947
1,72,0.002,24.3986,0.7059,0.8954
1,73,0.002,24.3335,0.7060,0.8958
1,74,0.002,24.2397,0.7047,0.8964
1,75,0.002,24.2850,0.6978,0.8961
1,76,0.002,24.2468,0.7122,0.8966
1,77,0.002,24.2398,0.6962,0.8964
1,78,0.002,23.9966,0.6999,0.8971
1,79,0.002,24.0697,0.7095,0.8973
1,80,0.002,23.8820,0.6859,0.8976
1,81,0.002,23.8926,0.7026,0.8978
1,82,0.002,23.8653,0.6983,0.8980
1,83,0.002,23.6985,0.6904,0.8986
1,84,0.002,23.6791,0.6922,0.8985
1,85,0.002,23.6840,0.6935,0.8986
1,86,0.002,23.6579,0.6914,0.8987
1,87,0.002,23.4913,0.6910,0.8993
1,88,0.002,23.5347,0.6889,0.8995
1,89,0.002,23.4396,0.6882,0.8999
1,90,0.002,23.3325,0.6879,0.9002
1,91,0.002,23.3012,0.6902,0.9002
1,92,0.002,23.2937,0.6857,0.9002
1,93,0.002,23.2125,0.6821,0.9007
1,94,0.002,23.2587,0.6882,0.9008
1,95,0.002,23.1740,0.6798,0.9008
1,96,0.002,23.0750,0.6847,0.9013
1,97,0.002,23.0375,0.6841,0.9014
1,98,0.002,23.1764,0.6732,0.9006
1,99,0.001,23.0457,0.6910,0.9015
1,100,0.001,22.8161,0.6784,0.9024
1,101,0.001,22.7268,0.6738,0.9025
1,102,0.001,22.7112,0.6817,0.9031
1,103,0.001,22.6387,0.6740,0.9028
1,104,0.001,22.6300,0.6759,0.9030
1,105,0.001,22.6649,0.6753,0.9028
1,106,0.001,22.6247,0.6797,0.9030
1,107,0.001,22.5305,0.6768,0.9032
1,108,0.001,22.5373,0.6718,0.9031
1,109,0.001,22.4878,0.6755,0.9042
1,110,0.001,22.5011,0.6723,0.9038
1,111,0.001,22.4792,0.6709,0.9035
1,112,0.0005,22.4565,0.6762,0.9038
1,113,0.0005,22.3837,0.6703,0.9043
1,114,0.0005,22.3467,0.6716,0.9041
1,115,0.0005,22.3514,0.6776,0.9041
1,116,0.0005,22.3293,0.6665,0.9042
1,117,0.0005,22.3074,0.6731,0.9046
1,118,0.0005,22.2930,0.6733,0.9044
1,119,0.0005,22.2912,0.6709,0.9044
1,120,0.0005,22.2750,0.6723,0.9044
1,121,0.0005,22.2622,0.6680,0.9046
1,122,0.0005,22.2396,0.6719,0.9048
1,123,0.0005,22.2462,0.6711,0.9046
1,124,0.0005,22.2777,0.6675,0.9045
1,125,0.0005,22.2378,0.6712,0.9048
1,126,0.0005,22.2393,0.6704,0.9046
1,127,0.0005,22.1790,0.6700,0.9050
1,128,0.0005,22.1707,0.6682,0.9049
1,129,0.00025,22.1644,0.6725,0.9048
1,130,0.00025,22.1307,0.6648,0.9053
1,131,0.00025,22.1130,0.6717,0.9050
1,132,0.00025,22.1080,0.6648,0.9054
1,133,0.00025,22.1032,0.6730,0.9054
1,134,0.00025,22.0959,0.6678,0.9054
1,135,0.00025,22.0918,0.6679,0.9052
1,136,0.00025,22.1019,0.6673,0.9052
1,137,0.00025,22.0873,0.6691,0.9052
1,138,0.00025,22.0748,0.6701,0.9055
1,139,0.00025,22.0661,0.6669,0.9055
1,140,0.00025,22.0680,0.6682,0.9054
1,141,0.000125,22.0608,0.6689,0.9054
1,142,0.000125,22.0395,0.6660,0.9054
1,143,0.000125,22.0350,0.6687,0.9055
1,144,0.000125,22.0296,0.6694,0.9054
1,145,0.000125,22.0285,0.6673,0.9052
1,146,0.000125,22.0246,0.6675,0.9056
1,147,0.000125,22.0171,0.6669,0.9056
1,148,0.000125,22.0131,0.6664,0.9057
1,149,0.000125,22.0099,0.6666,0.9057
1,150,0.000125,22.0095,0.6684,0.9056
1,151,0.000125,22.0052,0.6681,0.9055
1,152,0.000125,22.0003,0.6673,0.9056
1,153,0.0001,22.0008,0.6679,0.9058
1,154,0.0001,21.9975,0.6665,0.9057
1,155,0.0001,21.9952,0.6692,0.9058
1,156,0.0001,21.9994,0.6654,0.9056
1,157,0.0001,21.9893,0.6672,0.9061
1,158,0.0001,21.9930,0.6662,0.9056
1,159,0.0001,21.9861,0.6666,0.9056
1,160,0.0001,21.9970,0.6701,0.9059
1,161,0.0001,21.9755,0.6645,0.9061
1,162,0.0001,21.9816,0.6674,0.9058
1,163,0.0001,21.9735,0.6679,0.9059
1,164,0.0001,21.9720,0.6656,0.9058
1,165,0.0001,21.9672,0.6674,0.9059
1,166,0.0001,21.9668,0.6680,0.9058
1,167,0.0001,21.9670,0.6656,0.9058
1,168,0.0001,21.9607,0.6678,0.9058
1,169,0.0001,21.9768,0.6675,0.9060
1,170,0.0001,21.9552,0.6661,0.9056
1,171,0.0001,21.9636,0.6678,0.9058
1,172,0.0001,21.9569,0.6665,0.9059
1,173,0.0001,21.9519,0.6683,0.9060
1,174,0.0001,21.9510,0.6658,0.9062
1,175,0.0001,21.9451,0.6650,0.9062
1,176,0.0001,21.9463,0.6684,0.9060
1,177,0.0001,21.9439,0.6657,0.9058
1,178,0.0001,21.9426,0.6672,0.9060
1,179,0.0001,21.9336,0.6657,0.9060
1,180,0.0001,21.9373,0.6666,0.9060
1,181,0.0001,21.9330,0.6663,0.9060
1,182,0.0001,21.9279,0.6648,0.9060
1,183,0.0001,21.9309,0.6670,0.9060
1,184,0.0001,21.9251,0.6663,0.9061
1,185,0.0001,21.9261,0.6680,0.9062
1,186,0.0001,21.9178,0.6651,0.9062
1,187,0.0001,21.9187,0.6645,0.9062
1,188,0.0001,21.9126,0.6670,0.9060
1,189,0.0001,21.9107,0.6663,0.9059
1,190,0.0001,21.9089,0.6654,0.9061
1,191,0.0001,21.9049,0.6667,0.9061
1,192,0.0001,21.9058,0.6648,0.9061
1,193,0.0001,21.9051,0.6655,0.9060
1,194,0.0001,21.9027,0.6659,0.9061
1,195,0.0001,21.8976,0.6648,0.9061
1,196,0.0001,21.9070,0.6665,0.9061
1,197,0.0001,21.9012,0.6650,0.9062
1,198,0.0001,21.8942,0.6661,0.9062
1,199,0.0001,21.8857,0.6648,0.9065
2,0,0.002,54.2353,1.1911,0.7730
2,1,0.002,35.0762,0.8974,0.8509
2,2,0.002,30.1638,0.7802,0.8716
2,3,0.002,28.1374,0.7852,0.8773
2,4,0.002,26.9020,0.7780,0.8805
2,5,0.002,26.3969,0.7710,0.8849
2,6,0.002,25.4487,0.7341,0.8859
2,7,0.002,24.8715,0.7583,0.8899
2,8,0.002,24.4943,0.7462,0.8907
2,9,0.002,24.0040,0.7330,0.8930
2,10,0.002,23.8643,0.7123,0.8950
2,11,0.002,23.5366,0.7143,0.8935
2,12,0.002,23.3503,0.7358,0.8972
2,13,0.002,23.0352,0.7161,0.8948
2,14,0.002,22.9822,0.7235,0.8972
2,15,0.002,22.6551,0.6991,0.8983
2,16,0.002,22.6109,0.7094,0.9000
2,17,0.002,22.6176,0.7322,0.8985
2,18,0.002,22.2580,0.7109,0.9023
2,19,0.002,22.1099,0.7024,0.8990
2,20,0.002,21.8600,0.7209,0.9009
2,21,0.002,21.7032,0.7080,0.9028
2,22,0.002,21.5958,0.6959,0.9052
2,23,0.002,21.5884,0.6958,0.9040
2,24,0.002,21.4403,0.6974,0.9047
2,25,0.002,21.4105,0.6921,0.9044
2,26,0.002,21.1823,0.7086,0.9048
2,27,0.002,21.0200,0.6873,0.9052
2,28,0.002,21.1412,0.6876,0.9043
2,29,0.002,20.9284,0.6971,0.9058
2,30,0.002,20.8587,0.6914,0.9021
2,31,0.002,20.9479,0.6918,0.9063
2,32,0.002,20.7118,0.6794,0.9075
2,33,0.002,20.6122,0.6913,0.9081
2,34,0.002,20.4301,0.6854,0.9087
2,35,0.002,20.3159,0.6665,0.9103
2,36,0.002,20.2301,0.6806,0.9094
2,37,0.002,20.2520,0.6817,0.9080
2,38,0.002,20.1205,0.6866,0.9101
2,39,0.002,20.1871,0.6874,0.9077
2,40,0.002,20.2877,0.6568,0.9075
2,41,0.002,20.1061,0.6943,0.9091
2,42,0.002,19.9271,0.6644,0.9103
2,43,0.002,19.8159,0.6689,0.9102
2,44,0.002,19.7578,0.6741,0.9104
2,45,0.002,19.6805,0.6702,0.9115
2,46,0.002,19.6308,0.6671,0.9097
2,47,0.002,19.5428,0.6770,0.9133
2,48,0.002,19.5003,0.6664,0.9118
2,49,0.002,19.5065,0.6679,0.9112
2,50,0.002,19.3588,0.6602,0.9143
2,51,0.002,19.2616,0.7161,0.9128
2,52,0.002,19.3952,0.6536,0.9115
2,53,0.002,19.2797,0.6714,0.9144
2,54,0.002,19.2685,0.6705,0.9131
2,55,0.002,19.3875,0.6624,0.9105
2,56,0.002,19.3913,0.6725,0.9118
2,57,0.002,19.1169,0.6686,0.9130
2,58,0.002,18.9208,0.6765,0.9157
2,59,0.002,18.9618,0.6521,0.9137
2,60,0.002,18.8458,0.6423,0.9147
2,61,0.002,18.8570,0.6836,0.9151
2,62,0.002,18.7932,0.6441,0.9167
2,63,0.002,18.7321,0.6611,0.9161
2,64,0.002,18.8046,0.6467,0.9169
2,65,0.002,18.5839,0.6660,0.9167
2,66,0.002,18.6436,0.6309,0.9169
2,67,0.002,18.6270,0.6625,0.9162
2,68,0.002,18.4810,0.6399,0.9165
2,69,0.002,18.5857,0.6645,0.9161
2,70,0.002,18.4480,0.6592,0.9176
2,71,0.002,18.5068,0.6461,0.9166
2,72,0.001,18.3657,0.6796,0.9173
2,73,0.001,18.3463,0.6309,0.9181
2,74,0.001,18.0715,0.6449,0.9180
2,75,0.001,18.0501,0.6518,0.9180
2,76,0.001,18.0391,0.6555,0.9186
2,77,0.001,18.0335,0.6431,0.9167
2,78,0.001,18.2098,0.6481,0.9184
2,79,0.001,17.9983,0.6403,0.9193
2,80,0.001,18.0071,0.6524,0.9184
2,81,0.001,17.9890,0.6339,0.9198
2,82,0.001,17.9399,0.6503,0.9184
2,83,0.001,17.9061,0.6536,0.9192
2,84,0.001,17.8872,0.6958,0.9189
2,85,0.001,17.9864,0.6507,0.9166
2,86,0.0005,17.9155,0.6507,0.9192
2,87,0.0005,17.7698,0.6265,0.9183
2,88,0.0005,17.7603,0.6436,0.9199
2,89,0.0005,17.7510,0.6490,0.9207
2,90,0.0005,17.6958,0.6389,0.9220
2,91,0.0005,17.7273,0.6474,0.9205
2,92,0.0005,17.6912,0.6439,0.9203
2,93,0.0005,17.6931,0.6329,0.9162
2,94,0.0005,17.6852,0.6293,0.9206
2,95,0.0005,17.6545,0.6475,0.9198
2,96,0.0005,17.6628,0.6402,0.9195
2,97,0.0005,17.6448,0.6355,0.9200
2,98,0.00025,17.6211,0.6594,0.9196
2,99,0.00025,17.6044,0.6270,0.9199
2,100,0.00025,17.5843,0.6473,0.9209
2,101,0.00025,17.5865,0.6424,0.9220
2,102,0.00025,17.5873,0.6332,0.9205
2,103,0.00025,17.5561,0.6349,0.9173
2,104,0.00025,17.5676,0.6401,0.9212
2,105,0.00025,17.5474,0.6302,0.9213
2,106,0.00025,17.5422,0.6300,0.9205
2,107,0.00025,17.5423,0.6359,0.9208
2,108,0.00025,17.5421,0.6429,0.9224
2,109,0.00025,17.5347,0.6475,0.9199
2,110,0.00025,17.5293,0.6467,0.9204
2,111,0.00025,17.5333,0.6379,0.9211
2,112,0.00025,17.5441,0.6464,0.9212
2,113,0.00025,17.5543,0.6391,0.9207
2,114,0.00025,17.5194,0.6346,0.9201
2,115,0.000125,17.5000,0.6314,0.9223
2,116,0.000125,17.4847,0.6300,0.9214
2,117,0.000125,17.4968,0.6481,0.9202
2,118,0.000125,17.4748,0.6303,0.9208
2,119,0.000125,17.4765,0.6340,0.9185
2,120,0.000125,17.4685,0.6316,0.9203
2,121,0.000125,17.4649,0.6369,0.9220
2,122,0.000125,17.4603,0.6372,0.9209
2,123,0.000125,17.4572,0.6416,0.9215
2,124,0.000125,17.4563,0.6366,0.9204
2,125,0.000125,17.4672,0.6280,0.9192
2,126,0.000125,17.4558,0.6338,0.9223
2,127,0.0001,17.4555,0.6433,0.9209
2,128,0.0001,17.4506,0.6437,0.9229
2,129,0.0001,17.4432,0.6483,0.9208
2,130,0.0001,17.4377,0.6334,0.9208
2,131,0.0001,17.4375,0.6517,0.9228
2,132,0.0001,17.4382,0.6406,0.9222
2,133,0.0001,17.4294,0.6337,0.9216
2,134,0.0001,17.4345,0.6423,0.9200
2,135,0.0001,17.4318,0.6292,0.9203
2,136,0.0001,17.4231,0.6334,0.9209
2,137,0.0001,17.4262,0.6389,0.9217
2,138,0.0001,17.4239,0.6504,0.9208
2,139,0.0001,17.4222,0.6466,0.9210
2,140,0.0001,17.4207,0.6376,0.9212
2,141,0.0001,17.4202,0.6356,0.9214
2,142,0.0001,17.4184,0.6399,0.9212
2,143,0.0001,17.4218,0.6429,0.9214
2,144,0.0001,17.4141,0.6464,0.9231
2,145,0.0001,17.4145,0.6334,0.9221
2,146,0.0001,17.4093,0.6297,0.9209
2,147,0.0001,17.4098,0.6395,0.9222
2,148,0.0001,17.4081,0.6407,0.9220
2,149,0.0001,17.4000,0.6318,0.9214
2,150,0.0001,17.4057,0.6377,0.9217
2,151,0.0001,17.4028,0.6355,0.9203
2,152,0.0001,17.3978,0.6347,0.9220
2,153,0.0001,17.3975,0.6402,0.9216
2,154,0.0001,17.3913,0.6325,0.9219
2,155,0.0001,17.3945,0.6311,0.9215
2,156,0.0001,17.3878,0.6526,0.9223
2,157,0.0001,17.3938,0.6493,0.9189
2,158,0.0001,17.3991,0.6345,0.9210
2,159,0.0001,17.3923,0.6398,0.9206
2,160,0.0001,17.3825,0.6380,0.9224
2,161,0.0001,17.3797,0.6361,0.9210
2,162,0.0001,17.3722,0.6378,0.9215
2,163,0.0001,17.3807,0.6424,0.9222
2,164,0.0001,17.3684,0.6351,0.9220
2,165,0.0001,17.3727,0.6763,0.9221
2,166,0.0001,17.3695,0.6297,0.9226
2,167,0.0001,17.3652,0.6405,0.9226
2,168,0.0001,17.3625,0.6461,0.9202
2,169,0.0001,17.3742,0.6365,0.9217
2,170,0.0001,17.3725,0.6397,0.9220
2,171,0.0001,17.3610,0.6464,0.9208
2,172,0.0001,17.3573,0.6327,0.9230
2,173,0.0001,17.3554,0.6601,0.9207
2,174,0.0001,17.3634,0.6408,0.9211
2,175,0.0001,17.3568,0.6420,0.9211
2,176,0.0001,17.3583,0.6896,0.9193
2,177,0.0001,17.3633,0.6529,0.9225
2,178,0.0001,17.3478,0.6373,0.9222
2,179,0.0001,17.3544,0.6567,0.9233
2,180,0.0001,17.3523,0.6378,0.9201
2,181,0.0001,17.3474,0.6254,0.9216
2,182,0.0001,17.3381,0.6287,0.9231
2,183,0.0001,17.3430,0.6319,0.9213
2,184,0.0001,17.3412,0.6421,0.9225
2,185,0.0001,17.3337,0.6328,0.9226
2,186,0.0001,17.3364,0.6352,0.9219
2,187,0.0001,17.3348,0.6393,0.9226
2,188,0.0001,17.3268,0.6257,0.9228
2,189,0.0001,17.3307,0.6415,0.9216
2,190,0.0001,17.3252,0.6489,0.9204
2,191,0.0001,17.3207,0.6372,0.9218
2,192,0.0001,17.3181,0.6358,0.9209
2,193,0.0001,17.3153,0.6313,0.9218
2,194,0.0001,17.3174,0.6328,0.9219
2,195,0.0001,17.3075,0.6256,0.9231
2,196,0.0001,17.3111,0.6443,0.9224
2,197,0.0001,17.3055,0.6466,0.9207
2,198,0.0001,17.3024,0.6286,0.9227
2,199,0.0001,17.3066,0.6318,0.9211
3,0,0.002,96.8151,1.2797,0.6323
3,1,0.002,45.1672,1.3398,0.8208
3,2,0.002,33.5771,0.9114,0.8617
3,3,0.002,29.6482,0.7830,0.8768
3,4,0.002,26.8614,0.7508,0.8872
3,5,0.002,24.7796,0.8328,0.8989
3,6,0.002,23.4508,0.7303,0.9013
3,7,0.002,22.6511,0.7390,0.9039
3,8,0.002,21.8914,0.7318,0.9079
3,9,0.002,21.4778,0.7475,0.9084
3,10,0.002,21.0512,0.7186,0.9122
3,11,0.002,20.6227,0.7270,0.9128
3,12,0.002,20.3956,0.7080,0.9139
3,13,0.002,20.0742,0.7316,0.9156
3,14,0.002,19.8334,0.7168,0.9128
3,15,0.002,19.6258,0.7129,0.9152
3,16,0.002,19.4253,0.7126,0.9160
3,17,0.002,19.2429,0.7009,0.9169
3,18,0.002,18.9665,0.7163,0.9183
3,19,0.002,18.8179,0.7009,0.9195
3,20,0.002,18.6357,0.7226,0.9203
3,21,0.002,18.5193,0.7081,0.9215
3,22,0.002,18.3641,0.6926,0.9219
3,23,0.002,18.3498,0.6940,0.9219
3,24,0.002,18.2061,0.6999,0.9216
3,25,0.002,17.9764,0.7063,0.9237
3,26,0.002,17.8751,0.6963,0.9242
3,27,0.002,17.7698,0.6999,0.9243
3,28,0.002,17.6566,0.6808,0.9232
3,29,0.002,17.5598,0.6921,0.9258
3,30,0.002,17.4297,0.6867,0.9255
3,31,0.002,17.3327,0.6730,0.9248
3,32,0.002,17.3376,0.6809,0.9264
3,33,0.002,17.2789,0.6878,0.9270
3,34,0.002,17.2021,0.6881,0.9270
3,35,0.002,17.1795,0.6889,0.9264
3,36,0.002,17.0337,0.6921,0.9277
3,37,0.002,16.9037,0.6875,0.9280
3,38,0.002,16.8176,0.6831,0.9292
3,39,0.002,16.7707,0.6895,0.9274
3,40,0.002,16.6626,0.6775,0.9290
3,41,0.002,16.6311,0.6781,0.9289
3,42,0.002,16.5140,0.6847,0.9314
3,43,0.002,16.4356,0.6856,0.9291
3,44,0.002,16.3197,0.6616,0.9303
3,45,0.002,16.3188,0.6948,0.9300
3,46,0.002,16.2536,0.6702,0.9314
3,47,0.002,16.2034,0.6726,0.9305
3,48,0.002,16.2438,0.6760,0.9303
3,49,0.002,16.1413,0.6781,0.9314
3,50,0.002,16.1170,0.6725,0.9305
3,51,0.002,16.1081,0.6680,0.9316
3,52,0.002,15.9560,0.6687,0.9309
3,53,0.002,15.9195,0.6572,0.9322
3,54,0.002,15.8108,0.6647,0.9323
3,55,0.002,15.7216,0.6631,0.9333
3,56,0.002,15.6808,0.6738,0.9315
3,57,0.002,15.6379,0.6618,0.9333
3,58,0.002,15.6343,0.6542,0.9311
3,59,0.002,15.5289,0.6686,0.9331
3,60,0.002,15.5132,0.6604,0.9341
3,61,0.002,15.4126,0.6482,0.9341
3,62,0.002,15.3740,0.6570,0.9353
3,63,0.002,15.4413,0.6677,0.9346
3,64,0.002,15.3808,0.6648,0.9339
3,65,0.002,15.3416,0.6633,0.9348
3,66,0.001,15.3300,0.6479,0.9349
3,67,0.001,15.1643,0.6659,0.9356
3,68,0.001,15.0919,0.6644,0.9368
3,69,0.001,15.0346,0.6563,0.9355
3,70,0.001,15.0262,0.6627,0.9370
3,71,0.001,14.9771,0.6560,0.9363
3,72,0.001,14.9985,0.6586,0.9361
3,73,0.001,14.9476,0.6489,0.9351
3,74,0.001,14.9591,0.6548,0.9365
3,75,0.001,14.9291,0.6427,0.9360
3,76,0.001,14.9048,0.6563,0.9355
3,77,0.001,14.8749,0.6584,0.9368
3,78,0.001,14.8553,0.6514,0.9365
3,79,0.0005,14.8451,0.6584,0.9362
3,80,0.0005,14.7834,0.6424,0.9377
3,81,0.0005,14.7614,0.6409,0.9368
3,82,0.0005,14.7440,0.6535,0.9376
3,83,0.0005,14.7490,0.6586,0.9380
3,84,0.0005,14.7359,0.6545,0.9368
3,85,0.0005,14.7144,0.6556,0.9357
3,86,0.0005,14.7120,0.6637,0.9354
3,87,0.0005,14.7023,0.6426,0.9377
3,88,0.0005,14.6906,0.6434,0.9371
3,89,0.0005,14.6781,0.6443,0.9382
3,90,0.0005,14.6713,0.6592,0.9366
3,91,0.0005,14.6617,0.6546,0.9389
3,92,0.0005,14.6610,0.6574,0.9377
3,93,0.0005,14.6998,0.6493,0.9365
3,94,0.0005,14.6793,0.6497,0.9372
3,95,0.0005,14.6503,0.6586,0.9377
3,96,0.0005,14.6244,0.6505,0.9381
3,97,0.0005,14.6027,0.6492,0.9366
3,98,0.0005,14.6106,0.6571,0.9379
3,99,0.0005,14.5999,0.6453,0.9380
3,100,0.0005,14.5910,0.6516,0.9386
3,101,0.0005,14.5731,0.6533,0.9389
3,102,0.0005,14.5699,0.6458,0.9364
3,103,0.00025,14.5695,0.6567,0.9394
3,104,0.00025,14.5390,0.6528,0.9375
3,105,0.00025,14.5272,0.6388,0.9377
3,106,0.00025,14.5215,0.6389,0.9387
3,107,0.00025,14.5172,0.6447,0.9384
3,108,0.00025,14.5089,0.6475,0.9384
3,109,0.00025,14.5005,0.6431,0.9381
3,110,0.00025,14.5108,0.6504,0.9371
3,111,0.00025,14.5150,0.6516,0.9375
3,112,0.00025,14.5054,0.6481,0.9352
3,113,0.00025,14.4921,0.6522,0.9370
3,114,0.00025,14.4788,0.6415,0.9387
3,115,0.000125,14.4740,0.6503,0.9373
3,116,0.000125,14.4763,0.6490,0.9376
3,117,0.000125,14.4669,0.6371,0.9390
3,118,0.000125,14.4609,0.6557,0.9378
3,119,0.000125,14.4560,0.6436,0.9379
3,120,0.000125,14.4548,0.6471,0.9391
3,121,0.000125,14.4484,0.6488,0.9387
3,122,0.000125,14.4483,0.6529,0.9388
3,123,0.000125,14.4443,0.6440,0.9392
3,124,0.000125,14.4418,0.6506,0.9382
3,125,0.000125,14.4384,0.6554,0.9388
3,126,0.000125,14.4382,0.6473,0.9374
3,127,0.0001,14.4370,0.6417,0.9379
3,128,0.0001,14.4324,0.6450,0.9379
3,129,0.0001,14.4271,0.6594,0.9382
3,130,0.0001,14.4269,0.6433,0.9380
3,131,0.0001,14.4257,0.6557,0.9392
3,132,0.0001,14.4254,0.6524,0.9388
3,133,0.0001,14.4217,0.6460,0.9393
3,134,0.0001,14.4237,0.6504,0.9393
3,135,0.0001,14.4190,0.6580,0.9389
3,136,0.0001,14.4165,0.6449,0.9375
3,137,0.0001,14.4156,0.6451,0.9385
3,138,0.0001,14.4104,0.6425,0.9388
3,139,0.0001,14.4177,0.6570,0.9374
3,140,0.0001,14.4118,0.6427,0.9380
3,141,0.0001,14.4086,0.6441,0.9382
3,142,0.0001,14.4078,0.6502,0.9375
3,143,0.0001,14.4041,0.6571,0.9389
3,144,0.0001,14.4016,0.6528,0.9384
3,145,0.0001,14.4025,0.6439,0.9384
3,146,0.0001,14.3975,0.6504,0.9395
3,147,0.0001,14.3939,0.6517,0.9395
3,148,0.0001,14.3932,0.6740,0.9390
3,149,0.0001,14.3898,0.6576,0.9391
3,150,0.0001,14.3911,0.6410,0.9380
3,151,0.0001,14.3879,0.6545,0.9381
3,152,0.0001,14.3859,0.6645,0.9386
3,153,0.0001,14.3841,0.6488,0.9391
3,154,0.0001,14.3821,0.6307,0.9398
3,155,0.0001,14.3796,0.6560,0.9393
3,156,0.0001,14.3768,0.6414,0.9389
3,157,0.0001,14.3752,0.6438,0.9392
3,158,0.0001,14.3746,0.6469,0.9388
3,159,0.0001,14.3714,0.6445,0.9391
3,160,0.0001,14.3688,0.6507,0.9378
3,161,0.0001,14.3678,0.6519,0.9395
3,162,0.0001,14.3669,0.6525,0.9377
3,163,0.0001,14.3618,0.6442,0.9397
3,164,0.0001,14.3637,0.6474,0.9399
3,165,0.0001,14.3615,0.6452,0.9389
3,166,0.0001,14.3605,0.6479,0.9393
3,167,0.0001,14.3562,0.6402,0.9390
3,168,0.0001,14.3528,0.6492,0.9381
3,169,0.0001,14.3533,0.6471,0.9390
3,170,0.0001,14.3518,0.6459,0.9389
3,171,0.0001,14.3507,0.6528,0.9383
3,172,0.0001,14.3467,0.6486,0.9390
3,173,0.0001,14.3457,0.6482,0.9376
3,174,0.0001,14.3439,0.6461,0.9390
3,175,0.0001,14.3414,0.6425,0.9383
3,176,0.0001,14.3440,0.6479,0.9390
3,177,0.0001,14.3380,0.6505,0.9390
3,178,0.0001,14.3344,0.6462,0.9395
3,179,0.0001,14.3325,0.6580,0.9390
3,180,0.0001,14.3320,0.6606,0.9382
3,181,0.0001,14.3301,0.6432,0.9395
3,182,0.0001,14.3280,0.6486,0.9379
3,183,0.0001,14.3253,0.6492,0.9385
3,184,0.0001,14.3220,0.6416,0.9398
3,185,0.0001,14.3205,0.6470,0.9387
3,186,0.0001,14.3195,0.6527,0.9395
3,187,0.0001,14.3176,0.6458,0.9376
3,188,0.0001,14.3149,0.6525,0.9384
3,189,0.0001,14.3172,0.6484,0.9393
3,190,0.0001,14.3094,0.6383,0.9386
3,191,0.0001,14.3092,0.6432,0.9394
3,192,0.0001,14.3110,0.6578,0.9377
3,193,0.0001,14.3125,0.6486,0.9376
3,194,0.0001,14.3026,0.6554,0.9385
3,195,0.0001,14.3030,0.6482,0.9388
3,196,0.0001,14.2992,0.6389,0.9401
3,197,0.0001,14.2975,0.6442,0.9391
3,198,0.0001,14.2945,0.6502,0.9393
3,199,0.0001,14.2943,0.6449,0.9387
4,0,0.002,90.2615,1.2579,0.6457
4,1,0.002,39.5668,1.3850,0.8328
4,2,0.002,34.6359,0.9957,0.8520
4,3,0.002,29.6858,1.0374,0.8712
4,4,0.002,27.2248,0.7904,0.8794
4,5,0.002,24.3939,0.8717,0.8908
4,6,0.002,23.7058,0.7454,0.8914
4,7,0.002,22.4155,0.8391,0.8971
4,8,0.002,21.7356,0.7672,0.9002
4,9,0.002,20.7937,0.8074,0.9055
4,10,0.002,20.5036,0.7562,0.9057
4,11,0.002,19.9374,0.7610,0.9078
4,12,0.002,19.5611,0.7578,0.9098
4,13,0.002,19.2164,0.7635,0.9105
4,14,0.002,18.9865,0.7502,0.9116
4,15,0.002,18.7195,0.7542,0.9136
4,16,0.002,18.5487,0.7314,0.9139
4,17,0.002,18.3490,0.7436,0.9143
4,18,0.002,18.1641,0.7496,0.9163
4,19,0.002,18.0420,0.7322,0.9163
4,20,0.002,17.8494,0.7489,0.9180
4,21,0.002,17.7213,0.7397,0.9177
4,22,0.002,17.5352,0.7400,0.9187
4,23,0.002,17.4920,0.7253,0.9189
4,24,0.002,17.3009,0.7354,0.9199
4,25,0.002,17.2006,0.7247,0.9199
4,26,0.002,17.1660,0.7178,0.9194
4,27,0.002,17.0048,0.7518,0.9203
4,28,0.002,16.8721,0.7190,0.9227
4,29,0.002,16.8023,0.7213,0.9205
4,30,0.002,16.5962,0.7127,0.9224
4,31,0.002,16.5941,0.7123,0.9240
4,32,0.002,16.4265,0.7149,0.9239
4,33,0.002,16.3793,0.7033,0.9227
4,34,0.002,16.2812,0.7119,0.9243
4,35,0.002,16.2708,0.7053,0.9250
4,36,0.002,16.2267,0.7280,0.9251
4,37,0.002,16.1284,0.7156,0.9257
4,38,0.002,15.9801,0.7065,0.9250
4,39,0.002,15.9797,0.7011,0.9251
4,40,0.002,15.8227,0.7001,0.9261
4,41,0.002,15.7699,0.7042,0.9265
4,42,0.002,15.6762,0.7063,0.9266
4,43,0.002,15.6346,0.6998,0.9279
4,44,0.002,15.5414,0.6953,0.9268
4,45,0.002,15.4959,0.6927,0.9276
4,46,0.002,15.4306,0.7248,0.9285
4,47,0.002,15.5284,0.6946,0.9273
4,48,0.002,15.4409,0.6949,0.9265
4,49,0.002,15.2638,0.6823,0.9290
4,50,0.002,15.2091,0.6989,0.9282
4,51,0.002,15.1328,0.6966,0.9298
4,52,0.002,15.0952,0.6944,0.9297
4,53,0.002,15.0224,0.7000,0.9300
4,54,0.002,15.0234,0.6803,0.9295
4,55,0.002,14.9228,0.6910,0.9298
4,56,0.002,14.8496,0.6912,0.9308
4,57,0.002,14.8175,0.6947,0.9298
4,58,0.002,14.7791,0.6888,0.9316
4,59,0.002,14.7570,0.6935,0.9298
4,60,0.002,14.7213,0.6978,0.9310
4,61,0.002,14.7052,0.6877,0.9312
4,62,0.002,14.6236,0.6962,0.9311
4,63,0.002,14.5770,0.6782,0.9314
4,64,0.002,14.5141,0.6794,0.9313
4,65,0.002,14.5478,0.7009,0.9324
4,66,0.002,14.4899,0.6836,0.9322
4,67,0.002,14.4724,0.6765,0.9319
4,68,0.002,14.3532,0.6776,0.9325
4,69,0.002,14.3934,0.6992,0.9322
4,70,0.002,14.3336,0.6828,0.9338
4,71,0.001,14.2601,0.6769,0.9330
4,72,0.001,14.1880,0.6763,0.9334
4,73,0.001,14.1320,0.6760,0.9339
4,74,0.001,14.1059,0.6661,0.9345
4,75,0.001,14.0824,0.6725,0.9336
4,76,0.001,14.0756,0.6870,0.9338
4,77,0.001,14.0626,0.6772,0.9340
4,78,0.001,14.0374,0.6797,0.9345
4,79,0.001,14.0115,0.6924,0.9341
4,80,0.001,14.0052,0.6789,0.9341
4,81,0.001,13.9916,0.6745,0.9349
4,82,0.001,13.9573,0.7011,0.9348
4,83,0.001,13.9431,0.6810,0.9349
4,84,0.0005,13.9490,0.6986,0.9341
4,85,0.0005,13.8972,0.6764,0.9344
4,86,0.0005,13.8854,0.6740,0.9347
4,87,0.0005,13.8744,0.6967,0.9345
4,88,0.0005,13.8654,0.6727,0.9345
4,89,0.0005,13.8645,0.6781,0.9351
4,90,0.0005,13.8469,0.6715,0.9352
4,91,0.0005,13.8429,0.6732,0.9346
4,92,0.0005,13.8366,0.6722,0.9339
4,93,0.0005,13.8210,0.6935,0.9345
4,94,0.0005,13.8141,0.6787,0.9354
4,95,0.0005,13.8019,0.6695,0.9357
4,96,0.00025,13.7991,0.6906,0.9352
4,97,0.00025,13.7894,0.6941,0.9347
4,98,0.00025,13.7780,0.6745,0.9358
4,99,0.00025,13.7713,0.6912,0.9349
4,100,0.00025,13.7672,0.6877,0.9353
4,101,0.00025,13.7624,0.6707,0.9357
4,102,0.00025,13.7657,0.6705,0.9349
4,103,0.00025,13.7540,0.6791,0.9351
4,104,0.00025,13.7541,0.6756,0.9362
4,105,0.00025,13.7478,0.6761,0.9346
4,106,0.00025,13.7409,0.6729,0.9354
4,107,0.00025,13.7457,0.6793,0.9355
4,108,0.000125,13.7353,0.6787,0.9355
4,109,0.000125,13.7277,0.6703,0.9344
4,110,0.000125,13.7233,0.6870,0.9349
4,111,0.000125,13.7211,0.6720,0.9351
4,112,0.000125,13.7196,0.6718,0.9358
4,113,0.000125,13.7175,0.6853,0.9354
4,114,0.000125,13.7141,0.6729,0.9362
4,115,0.000125,13.7130,0.6684,0.9365
4,116,0.000125,13.7107,0.6674,0.9357
4,117,0.000125,13.7102,0.6689,0.9361
4,118,0.000125,13.7071,0.6675,0.9358
4,119,0.000125,13.7048,0.6669,0.9357
4,120,0.0001,13.7026,0.6719,0.9357
4,121,0.0001,13.6990,0.6689,0.9352
4,122,0.0001,13.7011,0.6731,0.9353
4,123,0.0001,13.6978,0.6730,0.9355
4,124,0.0001,13.6962,0.6716,0.9353
4,125,0.0001,13.6931,0.6670,0.9356
4,126,0.0001,13.6921,0.6720,0.9356
4,127,0.0001,13.6893,0.6728,0.9360
4,128,0.0001,13.6874,0.6611,0.9355
4,129,0.0001,13.6872,0.6705,0.9359
4,130,0.0001,13.6847,0.6641,0.9365
4,131,0.0001,13.6824,0.6721,0.9345
4,132,0.0001,13.6804,0.6807,0.9360
4,133,0.0001,13.6796,0.6697,0.9365
4,134,0.0001,13.6777,0.6665,0.9356
4,135,0.0001,13.6784,0.6671,0.9357
4,136,0.0001,13.6743,0.6745,0.9359
4,137,0.0001,13.6742,0.6711,0.9360
4,138,0.0001,13.6718,0.6689,0.9361
4,139,0.0001,13.6705,0.6665,0.9357
4,140,0.0001,13.6686,0.6704,0.9367
4,141,0.0001,13.6667,0.6764,0.9362
4,142,0.0001,13.6654,0.6692,0.9368
4,143,0.0001,13.6634,0.6660,0.9346
4,144,0.0001,13.6648,0.7003,0.9359
4,145,0.0001,13.6631,0.6660,0.9349
4,146,0.0001,13.6580,0.6702,0.9361
4,147,0.0001,13.6607,0.6775,0.9358
4,148,0.0001,13.6575,0.6689,0.9360
4,149,0.0001,13.6536,0.6738,0.9358
4,150,0.0001,13.6516,0.6896,0.9362
4,151,0.0001,13.6521,0.6716,0.9358
4,152,0.0001,13.6504,0.6736,0.9363
4,153,0.0001,13.6473,0.6896,0.9356
4,154,0.0001,13.6472,0.6712,0.9351
4,155,0.0001,13.6455,0.6677,0.9355
4,156,0.0001,13.6429,0.6743,0.9362
4,157,0.0001,13.6418,0.6845,0.9362
4,158,0.0001,13.6391,0.6627,0.9363
4,159,0.0001,13.6382,0.6674,0.9358
4,160,0.0001,13.6402,0.6766,0.9370
4,161,0.0001,13.6350,0.6686,0.9362
4,162,0.0001,13.6332,0.6713,0.9358
4,163,0.0001,13.6317,0.6699,0.9344
4,164,0.0001,13.6312,0.6750,0.9358
4,165,0.0001,13.6278,0.6692,0.9363
4,166,0.0001,13.6280,0.6693,0.9363
4,167,0.0001,13.6241,0.6628,0.9365
4,168,0.0001,13.6221,0.6668,0.9353
4,169,0.0001,13.6213,0.6631,0.9364
4,170,0.0001,13.6196,0.6693,0.9353
4,171,0.0001,13.6204,0.6692,0.9365
4,172,0.0001,13.6178,0.6726,0.9363
4,173,0.0001,13.6147,0.6930,0.9364
4,174,0.0001,13.6141,0.6892,0.9358
4,175,0.0001,13.6118,0.6618,0.9361
4,176,0.0001,13.6103,0.6687,0.9352
4,177,0.0001,13.6086,0.6645,0.9366
4,178,0.0001,13.6083,0.6671,0.9365
4,179,0.0001,13.6067,0.6734,0.9360
4,180,0.0001,13.6085,0.6847,0.9359
4,181,0.0001,13.6024,0.6670,0.9360
4,182,0.0001,13.6026,0.6678,0.9361
4,183,0.0001,13.5988,0.6741,0.9362
4,184,0.0001,13.5970,0.6755,0.9358
4,185,0.0001,13.5950,0.6677,0.9366
4,186,0.0001,13.5923,0.6713,0.9371
4,187,0.0001,13.5917,0.6726,0.9362
4,188,0.0001,13.5895,0.6729,0.9367
4,189,0.0001,13.5892,0.6663,0.9362
4,190,0.0001,13.5890,0.6670,0.9361
4,191,0.0001,13.5852,0.6642,0.9365
4,192,0.0001,13.5853,0.6785,0.9359
4,193,0.0001,13.5810,0.6802,0.9358
4,194,0.0001,13.5795,0.6703,0.9362
4,195,0.0001,13.5791,0.6694,0.9363
4,196,0.0001,13.5771,0.6680,0.9363
4,197,0.0001,13.5749,0.6675,0.9368
4,198,0.0001,13.5728,0.6823,0.9359
4,199,0.0001,13.5729,0.6727,0.9356
5,0,0.002,98.7099,1.1822,0.6788
5,1,0.002,44.2432,1.2166,0.8418
5,2,0.002,38.8303,0.8109,0.8627
5,3,0.002,32.7186,0.8908,0.8805
5,4,0.002,30.3366,0.6392,0.8905
5,5,0.002,27.6954,0.6948,0.8975
5,6,0.002,26.2632,0.6364,0.9037
5,7,0.002,25.0810,0.6642,0.9065
5,8,0.002,24.4201,0.6210,0.9085
5,9,0.002,23.7627,0.6255,0.9111
5,10,0.002,23.1883,0.6157,0.9137
5,11,0.002,22.6431,0.6321,0.9157
5,12,0.002,22.4717,0.6215,0.9150
5,13,0.002,22.2148,0.6262,0.9167
5,14,0.002,22.0239,0.6152,0.9179
5,15,0.002,21.7025,0.6111,0.9186
5,16,0.002,21.4245,0.6133,0.9193
5,17,0.002,21.1035,0.6286,0.9205
5,18,0.002,20.9051,0.6017,0.9223
5,19,0.002,20.7349,0.6170,0.9227
5,20,0.002,20.5827,0.6079,0.9208
5,21,0.002,20.3886,0.6087,0.9232
5,22,0.002,20.2823,0.6106,0.9235
5,23,0.002,20.1634,0.5966,0.9242
5,24,0.002,19.9967,0.6123,0.9245
5,25,0.002,19.8843,0.5993,0.9264
5,26,0.002,19.7246,0.6015,0.9259
5,27,0.002,19.6384,0.5981,0.9260
5,28,0.002,19.5192,0.6006,0.9265
5,29,0.002,19.4067,0.6043,0.9260
5,30,0.002,19.2888,0.5962,0.9276
5,31,0.002,19.2309,0.6040,0.9279
5,32,0.002,19.1638,0.5930,0.9286
5,33,0.002,19.0583,0.5928,0.9269
5,34,0.002,18.9879,0.6039,0.9283
5,35,0.002,18.8951,0.6016,0.9287
5,36,0.002,18.8745,0.5950,0.9287
5,37,0.002,18.7635,0.6036,0.9309
5,38,0.002,18.8842,0.6094,0.9277
5,39,0.002,19.0377,0.5944,0.9303
5,40,0.002,18.8532,0.5899,0.9287
5,41,0.002,18.7393,0.6030,0.9289
5,42,0.002,18.4913,0.5971,0.9327
5,43,0.002,18.4134,0.5912,0.9300
5,44,0.002,18.2820,0.5905,0.9310
5,45,0.002,18.2185,0.6011,0.9334
5,46,0.002,18.1520,0.5905,0.9324
5,47,0.002,18.1177,0.5836,0.9327
5,48,0.002,18.0094,0.5872,0.9320
5,49,0.002,17.9778,0.5839,0.9321
5,50,0.002,17.8984,0.5790,0.9335
5,51,0.002,17.8751,0.5917,0.9340
5,52,0.002,17.8335,0.5950,0.9326
5,53,0.002,17.8105,0.5980,0.9330
5,54,0.002,17.6927,0.5877,0.9350
5,55,0.002,17.6558,0.5925,0.9339
5,56,0.002,17.6104,0.5898,0.9343
5,57,0.002,17.5795,0.5776,0.9351
5,58,0.002,17.5386,0.6013,0.9358
5,59,0.002,17.4733,0.5815,0.9334
5,60,0.002,17.4201,0.5837,0.9340
5,61,0.002,17.4421,0.6122,0.9353
5,62,0.002,17.3462,0.5764,0.9364
5,63,0.002,17.3078,0.5846,0.9348
5,64,0.002,17.2694,0.5738,0.9351
5,65,0.002,17.1886,0.5828,0.9368
5,66,0.002,17.1430,0.5894,0.9346
5,67,0.002,17.0963,0.5934,0.9345
5,68,0.002,17.0916,0.5828,0.9359
5,69,0.002,17.0565,0.5825,0.9357
5,70,0.002,16.9781,0.5768,0.9365
5,71,0.002,16.9387,0.5808,0.9365
5,72,0.002,16.9486,0.5754,0.9365
5,73,0.002,16.8984,0.5876,0.9372
5,74,0.002,16.8291,0.5786,0.9368
5,75,0.002,16.8499,0.5787,0.9357
5,76,0.002,16.9362,0.5731,0.9365
5,77,0.001,16.8261,0.5794,0.9380
5,78,0.001,16.7142,0.5870,0.9375
5,79,0.001,16.6582,0.5766,0.9393
5,80,0.001,16.5828,0.5804,0.9387
5,81,0.001,16.5834,0.5717,0.9399
5,82,0.001,16.5583,0.5797,0.9383
5,83,0.001,16.5160,0.5639,0.9394
5,84,0.001,16.5038,0.5682,0.9390
5,85,0.001,16.5084,0.5687,0.9389
5,86,0.001,16.4634,0.5842,0.9388
5,87,0.001,16.4473,0.5691,0.9389
5,88,0.001,16.4294,0.5708,0.9382
5,89,0.001,16.4173,0.5914,0.9396
5,90,0.001,16.4164,0.5722,0.9389
5,91,0.0005,16.3854,0.5813,0.9390
5,92,0.0005,16.3538,0.5741,0.9377
5,93,0.0005,16.3324,0.5804,0.9394
5,94,0.0005,16.3225,0.5717,0.9389
5,95,0.0005,16.3137,0.5697,0.9394
5,96,0.0005,16.3062,0.5756,0.9399
5,97,0.0005,16.2976,0.5787,0.9396
5,98,0.0005,16.2908,0.5765,0.9394
5,99,0.0005,16.2793,0.5760,0.9395
5,100,0.0005,16.2701,0.5778,0.9397
6,0,0.002,61.0473,1.1964,0.7886
6,1,0.002,34.4407,0.9533,0.8720
6,2,0.002,30.6248,0.8080,0.8857
6,3,0.002,28.1800,0.7639,0.8946
6,4,0.002,26.0603,0.7431,0.9018
6,5,0.002,24.8038,0.7230,0.9056
6,6,0.002,24.1712,0.7166,0.9077
6,7,0.002,23.6303,0.7281,0.9097
6,8,0.002,23.0834,0.7122,0.9113
6,9,0.002,22.6815,0.7077,0.9133
6,10,0.002,22.3430,0.7060,0.9145
6,11,0.002,22.1098,0.6951,0.9153
6,12,0.002,21.8462,0.6985,0.9163
6,13,0.002,21.5926,0.6953,0.9169
6,14,0.002,21.4402,0.6970,0.9178
6,15,0.002,21.2007,0.6946,0.9188
6,16,0.002,20.9905,0.6869,0.9191
6,17,0.002,20.8087,0.6919,0.9201
6,18,0.002,20.6678,0.6841,0.9208
6,19,0.002,20.5746,0.6909,0.9209
6,20,0.002,20.4312,0.6828,0.9217
6,21,0.002,20.3093,0.6898,0.9221
6,22,0.002,20.0815,0.6752,0.9230
6,23,0.002,19.9899,0.6887,0.9229
6,24,0.002,19.8779,0.6803,0.9236
6,25,0.002,19.8707,0.6807,0.9238
6,26,0.002,19.7467,0.6741,0.9242
6,27,0.002,19.5692,0.6840,0.9248
6,28,0.002,19.4359,0.6779,0.9256
6,29,0.002,19.3178,0.6798,0.9258
6,30,0.002,19.2441,0.6662,0.9261
6,31,0.002,19.1750,0.6828,0.9262
6,32,0.002,19.0282,0.6669,0.9270
6,33,0.002,18.9738,0.6770,0.9272
6,34,0.002,18.9492,0.6713,0.9273
6,35,0.002,18.8393,0.6671,0.9276
6,36,0.002,18.7597,0.6709,0.9279
6,37,0.002,18.6544,0.6689,0.9283
6,38,0.002,18.6489,0.6727,0.9284
6,39,0.002,18.5389,0.6620,0.9287
6,40,0.002,18.4989,0.6684,0.9290
6,41,0.002,18.3954,0.6654,0.9293
6,42,0.002,18.3371,0.6658,0.9297
6,43,0.002,18.2869,0.6653,0.9297
6,44,0.002,18.2487,0.6618,0.9299
6,45,0.002,18.2098,0.6605,0.9299
6,46,0.002,18.1182,0.6694,0.9303
6,47,0.002,18.0578,0.6576,0.9308
6,48,0.002,18.0144,0.6651,0.9308
6,49,0.002,17.9682,0.6572,0.9309
6,50,0.002,17.8675,0.6613,0.9314
6,51,0.002,17.8811,0.6606,0.9312
6,52,0.002,17.7981,0.6573,0.9318
6,53,0.002,17.7025,0.6616,0.9318
6,54,0.002,17.6858,0.6549,0.9322
6,55,0.002,17.6403,0.6613,0.9322
6,56,0.002,17.7123,0.6551,0.9322
6,57,0.002,17.6365,0.6547,0.9323
6,58,0.002,17.5852,0.6593,0.9325
6,59,0.002,17.5707,0.6569,0.9324
6,60,0.002,17.3599,0.6511,0.9332
6,61,0.002,17.3730,0.6567,0.9333
6,62,0.002,17.3188,0.6522,0.9334
6,63,0.002,17.3024,0.6557,0.9336
6,64,0.002,17.2717,0.6558,0.9338
6,65,0.001,17.2213,0.6473,0.9339
6,66,0.001,17.0820,0.6584,0.9343
6,67,0.001,17.0659,0.6483,0.9346
6,68,0.001,17.0658,0.6506,0.9346
6,69,0.001,17.0411,0.6503,0.9345
6,70,0.001,16.9909,0.6544,0.9348
6,71,0.001,16.9850,0.6496,0.9348
6,72,0.001,16.9688,0.6547,0.9347
6,73,0.001,16.9492,0.6478,0.9349
6,74,0.001,16.9225,0.6477,0.9348
6,75,0.001,16.8927,0.6531,0.9351
6,76,0.001,16.8846,0.6493,0.9351
6,77,0.001,16.8765,0.6521,0.9352
6,78,0.0005,16.8733,0.6447,0.9353
6,79,0.0005,16.8191,0.6534,0.9355
6,80,0.0005,16.7905,0.6521,0.9356
6,81,0.0005,16.7762,0.6463,0.9357
6,82,0.0005,16.7735,0.6470,0.9357
6,83,0.0005,16.7548,0.6512,0.9358
6,84,0.0005,16.7506,0.6470,0.9357
6,85,0.0005,16.7426,0.6470,0.9357
6,86,0.0005,16.7207,0.6512,0.9358
6,87,0.0005,16.7220,0.6485,0.9357
6,88,0.0005,16.7154,0.6466,0.9357
6,89,0.0005,16.7148,0.6484,0.9358
6,90,0.00025,16.6940,0.6477,0.9359
6,91,0.00025,16.6690,0.6483,0.9359
6,92,0.00025,16.6618,0.6482,0.9361
6,93,0.00025,16.6567,0.6482,0.9361
6,94,0.00025,16.6525,0.6477,0.9362
6,95,0.00025,16.6487,0.6462,0.9362
6,96,0.00025,16.6430,0.6480,0.9361
6,97,0.00025,16.6354,0.6493,0.9360
6,98,0.00025,16.6329,0.6462,0.9362
6,99,0.00025,16.6306,0.6471,0.9362
6,100,0.00025,16.6247,0.6473,0.9363
7,0,0.002,91.3817,1.0409,0.7280
7,1,0.002,46.7091,0.9747,0.8423
7,2,0.002,40.2125,0.7179,0.8651
7,3,0.002,35.7093,0.6718,0.8781
7,4,0.002,33.3209,0.6619,0.8848
7,5,0.002,31.9170,0.6041,0.8929
7,6,0.002,30.7702,0.6363,0.8933
7,7,0.002,30.0878,0.6032,0.8963
7,8,0.002,29.1988,0.6116,0.9004
7,9,0.002,28.7856,0.6048,0.9003
7,10,0.002,28.3816,0.6051,0.9026
7,11,0.002,28.0173,0.6016,0.9038
7,12,0.002,27.7021,0.6072,0.9029
7,13,0.002,27.4119,0.5966,0.9050
7,14,0.002,27.1565,0.5961,0.9072
7,15,0.002,26.9201,0.5855,0.9062
7,16,0.002,26.6727,0.6014,0.9071
7,17,0.002,26.4747,0.5945,0.9076
7,18,0.002,26.2968,0.6355,0.9089
7,19,0.002,26.1970,0.5927,0.9090
7,20,0.002,25.9880,0.5966,0.9086
7,21,0.002,25.7864,0.5832,0.9107
7,22,0.002,25.6160,0.5916,0.9093
7,23,0.002,25.4952,0.5919,0.9117
7,24,0.002,25.2902,0.5903,0.9115
7,25,0.002,25.2126,0.5934,0.9125
7,26,0.002,25.1389,0.5795,0.9131
7,27,0.002,25.0185,0.5817,0.9110
7,28,0.002,24.8431,0.6399,0.9132
7,29,0.002,24.6798,0.6208,0.9134
7,30,0.002,24.6132,0.5892,0.9135
7,31,0.002,24.5844,0.5692,0.9141
7,32,0.002,24.3937,0.5848,0.9158
7,33,0.002,24.2689,0.5702,0.9162
7,34,0.002,24.1770,0.5885,0.9142
7,35,0.002,24.0821,0.5881,0.9148
7,36,0.002,23.9490,0.5862,0.9171
7,37,0.002,23.8872,0.5628,0.9166
7,38,0.002,23.7967,0.5727,0.9175
7,39,0.002,23.7117,0.5707,0.9158
7,40,0.002,23.7525,0.5628,0.9167
7,41,0.002,23.7647,0.5922,0.9167
7,42,0.002,23.5158,0.5718,0.9176
7,43,0.002,23.4581,0.5682,0.9176
7,44,0.002,23.4611,0.5869,0.9179
7,45,0.002,23.3188,0.5689,0.9187
7,46,0.002,23.2865,0.6067,0.9169
7,47,0.002,23.2368,0.5772,0.9185
7,48,0.002,23.1719,0.5634,0.9201
7,49,0.002,23.1042,0.5725,0.9184
7,50,0.002,23.2136,0.5780,0.9192
7,51,0.002,22.9785,0.5607,0.9187
7,52,0.002,22.8974,0.5709,0.9192
7,53,0.002,22.8040,0.5815,0.9186
7,54,0.002,22.6764,0.5609,0.9200
7,55,0.002,22.7173,0.5829,0.9202
7,56,0.002,22.6275,0.5681,0.9213
7,57,0.002,22.5685,0.6053,0.9195
7,58,0.002,22.4553,0.5681,0.9213
7,59,0.002,22.5528,0.5710,0.9205
7,60,0.002,22.5692,0.5726,0.9173
7,61,0.002,22.4578,0.5603,0.9211
7,62,0.002,22.2223,0.5689,0.9220
7,63,0.002,22.1789,0.5792,0.9227
7,64,0.002,22.1391,0.6115,0.9218
7,65,0.002,22.0777,0.5665,0.9237
7,66,0.002,22.0172,0.5553,0.9231
7,67,0.002,21.9751,0.5610,0.9241
7,68,0.002,21.9534,0.5600,0.9236
7,69,0.002,21.9095,0.5679,0.9237
7,70,0.002,21.8225,0.5650,0.9234
7,71,0.002,22.0058,0.5756,0.9228
7,72,0.002,21.8806,0.5641,0.9234
7,73,0.002,21.7471,0.5605,0.9239
7,74,0.002,21.7881,0.5597,0.9248
7,75,0.002,21.7171,0.5701,0.9235
7,76,0.002,21.7039,0.5481,0.9237
7,77,0.002,21.6277,0.5678,0.9227
7,78,0.002,21.5326,0.5665,0.9235
7,79,0.002,21.5312,0.5520,0.9252
7,80,0.001,21.5855,0.5561,0.9246
7,81,0.001,21.3243,0.5580,0.9248
7,82,0.001,21.3510,0.5527,0.9262
7,83,0.001,21.2963,0.5645,0.9257
7,84,0.001,21.2154,0.5556,0.9252
7,85,0.001,21.2334,0.5639,0.9258
7,86,0.001,21.2306,0.5584,0.9243
7,87,0.001,21.1695,0.5562,0.9250
7,88,0.001,21.1988,0.5562,0.9251
7,89,0.001,21.1496,0.5678,0.9261
7,90,0.001,21.1328,0.5466,0.9262
7,91,0.001,21.1111,0.5559,0.9255
7,92,0.001,21.1044,0.5705,0.9267
7,93,0.0005,21.0379,0.5572,0.9261
7,94,0.0005,20.9872,0.5593,0.9265
7,95,0.0005,20.9610,0.5505,0.9269
7,96,0.0005,20.9476,0.5527,0.9263
7,97,0.0005,20.9303,0.5562,0.9273
7,98,0.0005,20.9229,0.5508,0.9277
7,99,0.0005,20.9160,0.5592,0.9274
7,100,0.0005,20.9027,0.5544,0.9260
8,0,0.002,137.4027,1.8418,0.6286
8,1,0.002,53.0503,0.6209,0.8424
8,2,0.002,35.6007,0.5932,0.8905
8,3,0.002,40.2694,0.8259,0.8678
8,4,0.002,31.2570,0.7195,0.8976
8,5,0.002,32.6354,0.6297,0.8916
8,6,0.002,33.2889,0.6430,0.8950
8,7,0.002,26.8767,0.7298,0.9103
8,8,0.002,29.4707,0.7736,0.9012
8,9,0.002,26.2869,0.5972,0.9143
8,10,0.002,25.8571,0.5313,0.9139
8,11,0.002,25.6033,0.5219,0.9151
8,12,0.002,23.6411,0.5569,0.9198
8,13,0.002,24.5585,0.6386,0.9173
8,14,0.002,22.9402,0.5684,0.9215
8,15,0.002,22.9312,0.5162,0.9222
8,16,0.002,22.8407,0.5128,0.9243
8,17,0.002,21.7094,0.5359,0.9264
8,18,0.002,22.0783,0.5658,0.9250
8,19,0.002,21.4868,0.5510,0.9262
8,20,0.002,21.1931,0.5202,0.9272
8,21,0.002,21.1131,0.5037,0.9273
8,22,0.002,20.6686,0.5232,0.9292
8,23,0.002,20.6555,0.5517,0.9279
8,24,0.002,20.3423,0.5186,0.9297
8,25,0.002,20.1143,0.5137,0.9294
8,26,0.002,19.9678,0.5208,0.9306
8,27,0.002,19.7598,0.5197,0.9326
8,28,0.002,19.6392,0.5340,0.9323
8,29,0.002,19.4621,0.5289,0.9332
8,30,0.002,19.3381,0.5020,0.9334
8,31,0.002,19.2151,0.5046,0.9340
8,32,0.002,19.0548,0.5217,0.9340
8,33,0.002,18.9597,0.5237,0.9344
8,34,0.002,18.8376,0.5089,0.9353
8,35,0.002,18.7449,0.5066,0.9348
8,36,0.002,18.6197,0.5031,0.9354
8,37,0.002,18.5116,0.5161,0.9361
8,38,0.002,18.4413,0.5125,0.9365
8,39,0.002,18.3230,0.5128,0.9364
8,40,0.002,18.2319,0.5079,0.9385
8,41,0.002,18.1103,0.4981,0.9372
8,42,0.002,18.0386,0.5043,0.9384
8,43,0.002,17.9660,0.5074,0.9392
8,44,0.002,17.8588,0.5006,0.9383
8,45,0.002,17.8201,0.4976,0.9383
8,46,0.002,17.7444,0.4954,0.9388
8,47,0.002,17.6316,0.4983,0.9380
8,48,0.002,17.5805,0.5027,0.9392
8,49,0.002,17.4892,0.4981,0.9397
8,50,0.002,17.4192,0.4951,0.9409
8,51,0.002,17.3370,0.4949,0.9408
8,52,0.002,17.2892,0.5054,0.9409
8,53,0.002,17.2218,0.4907,0.9419
8,54,0.002,17.1660,0.4894,0.9408
8,55,0.002,17.1092,0.4962,0.9419
8,56,0.002,17.0511,0.4860,0.9429
8,57,0.002,16.9929,0.4892,0.9416
8,58,0.002,16.9112,0.4906,0.9418
8,59,0.002,16.8825,0.5006,0.9409
8,60,0.002,16.8532,0.4880,0.9420
8,61,0.002,16.7714,0.4858,0.9435
8,62,0.002,16.6941,0.4898,0.9427
8,63,0.002,16.6688,0.4994,0.9427
8,64,0.002,16.5939,0.4891,0.9419
8,65,0.002,16.5441,0.4836,0.9429
8,66,0.002,16.4959,0.4801,0.9418
8,67,0.002,16.4461,0.4906,0.9435
8,68,0.002,16.3999,0.4808,0.9427
8,69,0.002,16.3664,0.4899,0.9444
8,70,0.002,16.3137,0.4880,0.9438
8,71,0.002,16.2626,0.4832,0.9429
8,72,0.002,16.1961,0.4818,0.9432
8,73,0.002,16.1558,0.4840,0.9435
8,74,0.002,16.0887,0.4894,0.9439
8,75,0.002,16.0731,0.4786,0.9452
8,76,0.002,16.0376,0.4904,0.9440
8,77,0.002,15.9929,0.4906,0.9445
8,78,0.002,15.9553,0.4890,0.9438
8,79,0.002,15.8931,0.4783,0.9449
8,80,0.002,15.8649,0.4781,0.9442
8,81,0.002,15.8079,0.4841,0.9455
8,82,0.002,15.7901,0.4825,0.9453
8,83,0.002,15.7392,0.4800,0.9454
8,84,0.002,15.7091,0.4787,0.9453
8,85,0.002,15.6620,0.4763,0.9461
8,86,0.002,15.6270,0.4810,0.9455
8,87,0.002,15.5784,0.4725,0.9451
8,88,0.002,15.5532,0.4709,0.9465
8,89,0.002,15.5141,0.4784,0.9459
8,90,0.002,15.4740,0.4845,0.9454
8,91,0.002,15.4439,0.4841,0.9457
8,92,0.002,15.4176,0.4734,0.9471
8,93,0.002,15.3740,0.4672,0.9468
8,94,0.002,15.3371,0.4721,0.9475
8,95,0.001,15.3266,0.4713,0.9467
8,96,0.001,15.2786,0.4716,0.9471
8,97,0.001,15.2648,0.4802,0.9470
8,98,0.001,15.2366,0.4634,0.9476
8,99,0.001,15.2187,0.4729,0.9486
8,100,0.001,15.1984,0.4757,0.9483
8,101,0.001,15.1788,0.4782,0.9472
8,102,0.001,15.1621,0.4726,0.9461
8,103,0.001,15.1523,0.4804,0.9473
8,104,0.001,15.1286,0.4692,0.9474
8,105,0.001,15.1134,0.4793,0.9486
8,106,0.001,15.1076,0.4783,0.9479
8,107,0.001,15.0903,0.4763,0.9475
8,108,0.001,15.0650,0.4752,0.9493
8,109,0.001,15.0568,0.4742,0.9480
8,110,0.0005,15.0415,0.4810,0.9480
8,111,0.0005,15.0232,0.4750,0.9475
8,112,0.0005,15.0114,0.4751,0.9491
8,113,0.0005,15.0003,0.4768,0.9481
8,114,0.0005,14.9886,0.4690,0.9483
8,115,0.0005,14.9818,0.4738,0.9484
8,116,0.0005,14.9776,0.4737,0.9467
8,117,0.0005,14.9682,0.4727,0.9480
8,118,0.0005,14.9619,0.4825,0.9479
8,119,0.0005,14.9517,0.4697,0.9478
8,120,0.0005,14.9446,0.4827,0.9483
8,121,0.0005,14.9379,0.4763,0.9493
8,122,0.00025,14.9304,0.4762,0.9472
8,123,0.00025,14.9204,0.4714,0.9484
8,124,0.00025,14.9145,0.4768,0.9495
8,125,0.00025,14.9136,0.4617,0.9485
8,126,0.00025,14.9056,0.4743,0.9479
8,127,0.00025,14.9020,0.4699,0.9488
8,128,0.00025,14.9010,0.4704,0.9479
8,129,0.00025,14.8960,0.4665,0.9486
8,130,0.00025,14.8916,0.4737,0.9493
8,131,0.00025,14.8876,0.4721,0.9495
8,132,0.00025,14.8833,0.4665,0.9492
8,133,0.00025,14.8798,0.4753,0.9479
8,134,0.000125,14.8756,0.4752,0.9489
8,135,0.000125,14.8707,0.4692,0.9488
8,136,0.000125,14.8687,0.4757,0.9492
8,137,0.000125,14.8667,0.4773,0.9483
8,138,0.000125,14.8665,0.4770,0.9470
8,139,0.000125,14.8623,0.4741,0.9480
8,140,0.000125,14.8609,0.4695,0.9492
8,141,0.000125,14.8595,0.4699,0.9498
8,142,0.000125,14.8570,0.4726,0.9490
8,143,0.000125,14.8554,0.4682,0.9494
8,144,0.000125,14.8531,0.4794,0.9489
8,145,0.000125,14.8505,0.4750,0.9489
8,146,0.0001,14.8489,0.4773,0.9479
8,147,0.0001,14.8474,0.4689,0.9488
8,148,0.0001,14.8457,0.4701,0.9494
8,149,0.0001,14.8438,0.4705,0.9493
8,150,0.0001,14.8426,0.4751,0.9490
8,151,0.0001,14.8409,0.4740,0.9495
8,152,0.0001,14.8397,0.4709,0.9483
8,153,0.0001,14.8386,0.4711,0.9491
8,154,0.0001,14.8363,0.4586,0.9490
8,155,0.0001,14.8349,0.4688,0.9486
8,156,0.0001,14.8332,0.4737,0.9487
8,157,0.0001,14.8323,0.4726,0.9503
8,158,0.0001,14.8302,0.4706,0.9491
8,159,0.0001,14.8282,0.4657,0.9485
8,160,0.0001,14.8279,0.4655,0.9473
8,161,0.0001,14.8253,0.4757,0.9498
8,162,0.0001,14.8242,0.4758,0.9494
8,163,0.0001,14.8236,0.4740,0.9474
8,164,0.0001,14.8206,0.4805,0.9488
8,165,0.0001,14.8194,0.4657,0.9496
8,166,0.0001,14.8178,0.4760,0.9491
8,167,0.0001,14.8159,0.4744,0.9481
8,168,0.0001,14.8143,0.4668,0.9493
8,169,0.0001,14.8130,0.4712,0.9491
8,170,0.0001,14.8121,0.4729,0.9484
8,171,0.0001,14.8104,0.4637,0.9491
8,172,0.0001,14.8085,0.4634,0.9493
8,173,0.0001,14.8067,0.4709,0.9500
8,174,0.0001,14.8052,0.4623,0.9495
8,175,0.0001,14.8037,0.4702,0.9483
8,176,0.0001,14.8023,0.4753,0.9479
8,177,0.0001,14.8005,0.4832,0.9492
8,178,0.0001,14.7990,0.4809,0.9490
8,179,0.0001,14.7974,0.4637,0.9495
8,180,0.0001,14.7963,0.4802,0.9486
8,181,0.0001,14.7942,0.4636,0.9492
8,182,0.0001,14.7927,0.4731,0.9492
8,183,0.0001,14.7914,0.4739,0.9504
8,184,0.0001,14.7896,0.4667,0.9499
8,185,0.0001,14.7881,0.4742,0.9499
8,186,0.0001,14.7866,0.4634,0.9461
8,187,0.0001,14.7847,0.4676,0.9492
8,188,0.0001,14.7833,0.4749,0.9492
8,189,0.0001,14.7817,0.4680,0.9488
8,190,0.0001,14.7806,0.4742,0.9490
8,191,0.0001,14.7787,0.4727,0.9498
8,192,0.0001,14.7772,0.4680,0.9492
8,193,0.0001,14.7758,0.4691,0.9491
8,194,0.0001,14.7738,0.4716,0.9493
8,195,0.0001,14.7732,0.4665,0.9474
8,196,0.0001,14.7713,0.4694,0.9500
8,197,0.0001,14.7692,0.4733,0.9481
8,198,0.0001,14.7676,0.4671,0.9486
8,199,0.0001,14.7659,0.4744,0.9494
9,0,0.002,191.2194,2.9194,0.3384
9,1,0.002,41.1171,0.6256,0.8579
9,2,0.002,57.8102,0.6634,0.8062
9,3,0.002,55.6543,0.6335,0.8147
9,4,0.002,39.2484,0.5556,0.8673
9,5,0.002,25.9050,0.5730,0.9067
9,6,0.002,30.9703,0.9625,0.8867
9,7,0.002,41.6683,1.2929,0.8521
9,8,0.002,35.8195,1.1466,0.8729
9,9,0.002,24.4311,0.7709,0.9119
9,10,0.002,22.6012,0.5559,0.9191
9,11,0.002,27.5315,0.5378,0.9030
9,12,0.002,30.7322,0.5540,0.8918
9,13,0.002,28.5390,0.5530,0.8985
9,14,0.002,23.0633,0.5489,0.9168
9,15,0.002,19.3562,0.6019,0.9304
9,16,0.002,20.5038,0.7547,0.9289
9,17,0.002,23.5073,0.8913,0.9207
9,18,0.002,22.9654,0.8711,0.9221
9,19,0.002,19.3822,0.7238,0.9324
9,20,0.002,17.2960,0.5901,0.9383
9,21,0.002,18.1129,0.5386,0.9356
9,22,0.002,19.6028,0.5276,0.9310
9,23,0.002,19.5464,0.5201,0.9314
9,24,0.002,17.8388,0.5101,0.9369
9,25,0.002,16.1256,0.5162,0.9424
9,26,0.002,15.9135,0.5562,0.9431
9,27,0.002,16.8398,0.6072,0.9402
9,28,0.002,17.1559,0.6175,0.9392
9,29,0.002,16.1876,0.5762,0.9422
9,30,0.002,15.0563,0.5231,0.9459
9,31,0.002,14.8221,0.4925,0.9469
9,32,0.002,15.2666,0.4837,0.9457
9,33,0.002,15.5071,0.4816,0.9450
9,34,0.002,15.0940,0.4803,0.9463
9,35,0.002,14.3812,0.4854,0.9486
9,36,0.002,14.0205,0.5059,0.9497
9,37,0.002,14.1689,0.5362,0.9493
9,38,0.002,14.3336,0.5542,0.9488
9,39,0.002,14.0851,0.5454,0.9496
9,40,0.002,13.6110,0.5202,0.9512
9,41,0.002,13.3529,0.4982,0.9522
9,42,0.002,13.4097,0.4869,0.9522
9,43,0.002,13.5017,0.4830,0.9520
9,44,0.002,13.3800,0.4829,0.9524
9,45,0.002,13.0908,0.4875,0.9533
9,46,0.002,12.8701,0.4997,0.9539
9,47,0.002,12.8418,0.5166,0.9540
9,48,0.002,12.8770,0.5278,0.9539
9,49,0.002,12.7923,0.5248,0.9542
9,50,0.002,12.5954,0.5097,0.9548
9,51,0.002,12.4393,0.4924,0.9554
9,52,0.002,12.4019,0.4800,0.9556
9,53,0.002,12.4033,0.4737,0.9556
9,54,0.002,12.3393,0.4722,0.9558
9,55,0.002,12.2080,0.4749,0.9562
9,56,0.002,12.0927,0.4821,0.9566
9,57,0.002,12.0469,0.4914,0.9568
9,58,0.002,12.0306,0.4974,0.9568
9,59,0.002,11.9748,0.4963,0.9570
9,60,0.002,11.8751,0.4889,0.9574
9,61,0.002,11.7881,0.4797,0.9577
9,62,0.002,11.7460,0.4727,0.9579
9,63,0.002,11.7208,0.4694,0.9580
9,64,0.002,11.6724,0.4694,0.9582
9,65,0.002,11.5995,0.4724,0.9584
9,66,0.002,11.5343,0.4778,0.9586
9,67,0.002,11.4943,0.4840,0.9587
9,68,0.002,11.4646,0.4879,0.9588
9,69,0.002,11.4194,0.4876,0.9590
9,70,0.002,11.3600,0.4834,0.9592
9,71,0.002,11.3073,0.4778,0.9594
9,72,0.002,11.2704,0.4730,0.9595
9,73,0.002,11.2373,0.4704,0.9597
9,74,0.002,11.1948,0.4701,0.9598
9,75,0.002,11.1454,0.4719,0.9600
9,76,0.002,11.1018,0.4750,0.9601
9,77,0.002,11.0674,0.4781,0.9602
9,78,0.002,11.0345,0.4794,0.9604
9,79,0.002,10.9957,0.4783,0.9605
9,80,0.002,10.9538,0.4753,0.9606
9,81,0.002,10.9162,0.4717,0.9608
9,82,0.001,10.8842,0.4690,0.9609
9,83,0.001,10.8526,0.4677,0.9610
9,84,0.001,10.8347,0.4679,0.9611
9,85,0.001,10.8156,0.4687,0.9611
9,86,0.001,10.7972,0.4699,0.9612
9,87,0.001,10.7803,0.4713,0.9613
9,88,0.001,10.7649,0.4726,0.9613
9,89,0.001,10.7500,0.4734,0.9614
9,90,0.001,10.7345,0.4736,0.9614
9,91,0.001,10.7181,0.4732,0.9615
9,92,0.001,10.7012,0.4723,0.9615
9,93,0.001,10.6847,0.4711,0.9616
9,94,0.001,10.6690,0.4700,0.9616
9,95,0.0005,10.6544,0.4690,0.9617
9,96,0.0005,10.6402,0.4683,0.9618
9,97,0.0005,10.6329,0.4682,0.9618
9,98,0.0005,10.6253,0.4683,0.9618
9,99,0.0005,10.6174,0.4684,0.9618
9,100,0.0005,10.6096,0.4687,0.9619
9,101,0.0005,10.6020,0.4691,0.9619
9,102,0.0005,10.5945,0.4695,0.9619
9,103,0.0005,10.5873,0.4698,0.9619
9,104,0.0005,10.5801,0.4701,0.9620
9,105,0.0005,10.5729,0.4703,0.9620
9,106,0.0005,10.5657,0.4704,0.9620
9,107,0.00025,10.5584,0.4703,0.9620
9,108,0.00025,10.5511,0.4701,0.9621
9,109,0.00025,10.5474,0.4700,0.9621
9,110,0.00025,10.5437,0.4698,0.9621
9,111,0.00025,10.5400,0.4696,0.9621
9,112,0.00025,10.5364,0.4694,0.9621
9,113,0.00025,10.5327,0.4691,0.9621
9,114,0.00025,10.5291,0.4689,0.9622
9,115,0.00025,10.5255,0.4687,0.9622
9,116,0.00025,10.5220,0.4685,0.9622
9,117,0.00025,10.5185,0.4684,0.9622
9,118,0.00025,10.5150,0.4682,0.9622
9,119,0.000125,10.5115,0.4681,0.9622
9,120,0.000125,10.5080,0.4681,0.9622
9,121,0.000125,10.5063,0.4680,0.9622
9,122,0.000125,10.5045,0.4680,0.9622
9,123,0.000125,10.5027,0.4680,0.9622
9,124,0.000125,10.5010,0.4680,0.9623
9,125,0.000125,10.4992,0.4680,0.9623
9,126,0.000125,10.4975,0.4681,0.9623
9,127,0.000125,10.4957,0.4681,0.9623
9,128,0.000125,10.4940,0.4681,0.9623
9,129,0.000125,10.4923,0.4681,0.9623
9,130,0.000125,10.4905,0.4682,0.9623
9,131,0.0001,10.4888,0.4682,0.9623
9,132,0.0001,10.4871,0.4682,0.9623
9,133,0.0001,10.4857,0.4682,0.9623
9,134,0.0001,10.4844,0.4682,0.9623
9,135,0.0001,10.4830,0.4683,0.9623
9,136,0.0001,10.4816,0.4683,0.9623
9,137,0.0001,10.4803,0.4683,0.9623
9,138,0.0001,10.4789,0.4683,0.9623
9,139,0.0001,10.4776,0.4683,0.9623
9,140,0.0001,10.4762,0.4683,0.9623
9,141,0.0001,10.4749,0.4683,0.9623
9,142,0.0001,10.4735,0.4683,0.9624
9,143,0.0001,10.4722,0.4682,0.9624
9,144,0.0001,10.4708,0.4682,0.9624
9,145,0.0001,10.4694,0.4682,0.9624
9,146,0.0001,10.4681,0.4682,0.9624
9,147,0.0001,10.4667,0.4682,0.9624
9,148,0.0001,10.4654,0.4681,0.9624
9,149,0.0001,10.4641,0.4681,0.9624
9,150,0.0001,10.4627,0.4681,0.9624
9,151,0.0001,10.4614,0.4681,0.9624
9,152,0.0001,10.4600,0.4680,0.9624
9,153,0.0001,10.4587,0.4680,0.9624
9,154,0.0001,10.4574,0.4680,0.9624
9,155,0.0001,10.4560,0.4680,0.9624
9,156,0.0001,10.4547,0.4679,0.9624
9,157,0.0001,10.4534,0.4679,0.9624
9,158,0.0001,10.4520,0.4679,0.9624
9,159,0.0001,10.4507,0.4679,0.9624
9,160,0.0001,10.4494,0.4678,0.9624
9,161,0.0001,10.4480,0.4678,0.9624
9,162,0.0001,10.4467,0.4678,0.9624
9,163,0.0001,10.4454,0.4678,0.9625
9,164,0.0001,10.4440,0.4678,0.9625
9,165,0.0001,10.4427,0.4678,0.9625
9,166,0.0001,10.4414,0.4677,0.9625
9,167,0.0001,10.4401,0.4677,0.9625
9,168,0.0001,10.4387,0.4677,0.9625
9,169,0.0001,10.4374,0.4677,0.9625
9,170,0.0001,10.4361,0.4677,0.9625
9,171,0.0001,10.4348,0.4677,0.9625
9,172,0.0001,10.4334,0.4677,0.9625
9,173,0.0001,10.4321,0.4676,0.9625
9,174,0.0001,10.4308,0.4676,0.9625
9,175,0.0001,10.4295,0.4676,0.9625
9,176,0.0001,10.4282,0.4676,0.9625
9,177,0.0001,10.4269,0.4676,0.9625
9,178,0.0001,10.4255,0.4676,0.9625
9,179,0.0001,10.4242,0.4676,0.9625
9,180,0.0001,10.4229,0.4675,0.9625
9,181,0.0001,10.4216,0.4675,0.9625
9,182,0.0001,10.4203,0.4675,0.9625
9,183,0.0001,10.4190,0.4675,0.9625
9,184,0.0001,10.4177,0.4675,0.9626
9,185,0.0001,10.4164,0.4675,0.9626
9,186,0.0001,10.4151,0.4674,0.9626
9,187,0.0001,10.4138,0.4674,0.9626
9,188,0.0001,10.4125,0.4674,0.9626
9,189,0.0001,10.4112,0.4674,0.9626
9,190,0.0001,10.4099,0.4674,0.9626
9,191,0.0001,10.4086,0.4674,0.9626
9,192,0.0001,10.4073,0.4673,0.9626
9,193,0.0001,10.4059,0.4673,0.9626
9,194,0.0001,10.4046,0.4673,0.9626
9,195,0.0001,10.4033,0.4673,0.9626
9,196,0.0001,10.4020,0.4673,0.9626
9,197,0.0001,10.4007,0.4673,0.9626
9,198,0.0001,10.3994,0.4673,0.9626
9,199,0.0001,10.3981,0.4672,0.9626
